company_fyi,ticker,announcement_date,ai_causal,ai_primary,ai_broad,post_chatgpt,CAR_1_1,CAR_0_20,CAR_5_30
SenseTime,0020.HK,2023-08-28,1,1,1,1,-1.7514404258634602,-18.51937637420294,-11.98020418533601
Tencent,0700.HK,2022-11-15,0,0,0,0,15.21438021409354,29.60014547911299,41.67135538154379
Superloop,9SL.F,2020-08-24,0,0,0,0,0.03779495647241,-14.235420618029359,-25.66855899084823
Apple,AAPL,2023-04-03,0,0,0,1,-0.12471887119300999,-2.08683201851902,-3.1300028671200604
Apple,AAPL,2024-02-27,0,1,1,1,-0.27780891967793,-8.15325784309985,-10.94029261648032
Airbnb,ABNB,2023-03-03,0,0,0,1,3.35253915721096,3.79286816698165,-2.02096938902324
Absci,ABSI,2022-08-09,0,0,0,0,11.51412778121939,27.25674060572952,32.67001350171389
Absci,ABSI,2023-09-05,0,0,0,1,-3.6495842856906697,-5.8950915324152895,12.901881063889082
Aurora,ACB,2024-01-24,0,0,0,1,-2.80347125431989,-18.67869681063851,-33.08626440979264
Adobe,ADBE,2022-12-06,0,0,0,1,-0.17294574193867002,9.06968217569007,10.09264802696913
Analog Devices,ADI,2023-12-13,0,0,0,1,2.2609525376277,-4.302427456737091,0.8433427570146699
Adaptive Biotechnologies,ADPT,2022-03-08,0,0,0,0,2.41278975692127,3.96809414039662,-11.806347393047579
Autodesk,ADSK,2023-02-02,0,0,0,1,-1.4877971184835799,-3.2555673503049496,-3.2766305918726
Autodesk,ADSK,2025-02-27,0,0,1,1,-3.05460117236845,1.10757700482551,7.32228687855002
AEye,AEYE,2023-03-28,0,0,0,1,20.78065388370606,7.187502787004579,14.83356259145589
Affirm,AFRM,2022-11-03,0,0,0,0,-1.62389569168714,-32.00783708905543,-48.391413083933585
Affirm,AFRM,2024-02-21,0,0,0,1,-0.45171838359507005,-12.46740905969771,-39.58187483404359
Akamai,AKAM,2023-05-09,0,0,1,1,9.12874561833292,16.2379412860112,9.53092773961781
Akamai,AKAM,2024-11-07,0,0,1,1,-13.524083601417361,-5.3665119872777405,-3.35798669068169
Applied Material,AMAT,2025-10-23,0,0,0,1,1.0760149125824099,7.70577155707759,15.61033978494219
AMD,AMD,2024-11-13,0,0,0,1,-3.2606755929656996,-10.6793249915115,-19.189367687917187
Amplitude,AMPL,2023-04-05,0,0,0,1,-6.78888114039216,-3.3451699776858304,-24.098013714850268
Amazon,AMZN,2022-10-28,0,0,0,0,-11.91451504215242,-21.16852462748908,-35.73226055652402
Amazon,AMZN,2025-01-29,0,0,0,1,-2.68938882916996,-5.93498645543383,-1.49132188043306
AppLovin,APP,2022-06-27,0,0,0,0,1.40316207222012,-19.46016721080236,-33.78397332722251
AppLovin,APP,2024-08-15,0,0,1,1,2.6139545531836,14.754979354563218,34.39149854494555
AppFolio,APPF,2023-05-22,0,0,0,1,-1.69054998799842,8.520017225809049,7.54829314647328
Aptiv,APTV,2024-02-20,0,0,0,1,0.93878875494078,1.81881396579995,-1.737555903415
Arrival,ARVLF,2022-07-13,0,0,0,0,-2.45668940817505,-4.70668912563595,-35.3250409436481
Arrival,ARVLF,2023-10-05,0,0,0,1,3.8210618836105796,25.238965648104276,49.30447586051377
Asana,ASAN,2022-11-15,0,0,0,0,2.1549678033213797,-28.28775971926164,-10.92615111020613
Asana,ASAN,2025-02-04,0,0,0,1,2.08212222684002,5.25517195752468,-6.41008448464695
AudioCodes,AUDC,2023-05-09,0,0,1,1,-6.28732353208465,-6.35698596258048,-5.39179217011631
Broadcom,AVGO,2025-10-17,0,0,0,1,-1.8683202467069602,-5.5291315582159895,6.35614606361339
Astra,AZN,2022-11-08,0,0,0,0,-0.03585101953446,9.93206715499702,13.023631573693681
Astra,AZN,2023-08-04,0,0,0,1,-0.7577955463874799,-2.9169034613392,-1.63430439807867
Bark,BARK,2023-02-09,0,0,0,1,-16.51886793049289,-36.3114217059695,-36.31930585483183
BigBear.ai,BBAI,2022-09-08,0,0,1,0,14.187997110118461,33.26020015086052,-1.2375327587559701
Butterfly Network,BFLY,2022-08-02,0,0,0,0,17.61487911709963,36.025635323926956,45.86576376707428
Bilibili,BILI,2022-12-27,0,0,0,1,3.90892481560641,-7.88377840276359,-31.64096475410309
Bird,BIRD,2023-10-04,0,0,0,1,-6.96816652037226,-13.64040129288079,-15.75068068186881
Bakkt,BKKT,2024-05-03,0,0,0,1,-3.31198623512294,61.17672871944352,77.6979205342542
Booking Holdings,BKNG,2024-12-04,0,0,1,1,0.12531768200138002,-5.63661609052337,-12.42945263894106
BlackLine,BL,2023-08-23,0,0,0,1,2.25903908716605,9.06733312815565,17.42551239589194
Blackbaud,BLKB,2023-02-14,0,0,0,1,-4.34314706442124,-3.1660342432237303,16.356886360546
Blend,BLND,2023-08-09,0,0,0,1,13.592551890441229,5.95769179927362,16.58804276951268
Blink Charging,BLNK,2025-05-19,0,0,0,1,4.2577048440178,20.95965397290318,6.951882585983251
Bumble,BMBL,2024-02-27,0,0,1,1,-14.7357253299004,-7.513408510461041,-6.905406890174
Bumble,BMBL,2025-06-25,0,0,0,1,24.811437787605982,47.250845544915684,29.38770453112292
BioMarin,BMRN,2022-10-07,0,0,0,0,0.5351752194024001,-9.13557362017534,-1.78956064335617
Better Therapeutics,BTTX,2023-03-27,0,0,0,1,-26.04630754396373,47.26730228725476,-2.05724433476095
Beyond Meat,BYND,2022-08-03,0,0,0,0,-13.50362657406732,-16.93764880812865,-40.219692616525435
Beyond Meat,BYND,2023-11-02,0,0,0,1,9.5804464765626,12.99054098929627,39.40775024108003
CarGurus,CARG,2020-04-16,0,0,0,0,-7.80059411997346,14.393862395745192,25.78947250850156
Cardlytics,CDLX,2022-11-14,0,0,0,0,4.15333869662482,18.559278168647218,49.20711786945044
Codexis,CDXS,2022-11-29,0,0,0,0,-0.8576123546928099,-0.27302070536253,20.688758987602853
Confluent,CFLT,2023-01-26,0,0,0,1,-4.22494265701348,7.552871822310781,6.06091252359078
ContraFect,CFRXQ,2022-08-15,0,0,0,0,8.44976993359556,-1.12242213185675,-10.209229204391269
Chegg,CHGG,2023-06-12,0,0,0,1,2.11941597224912,-11.07376767984166,-1.52781945473275
Chegg,CHGG,2024-06-17,0,0,0,1,-9.45866664895818,22.91438618435267,0.05615463419418
Chegg,CHGG,2025-05-12,0,0,0,1,5.76929713646998,61.17672871944352,79.2575052089662
Chewy,CHWY,2023-11-14,0,0,0,1,-0.5502707635991301,-4.85941479809442,8.519666117858069
Cint,CINT,2024-07-01,0,0,0,1,7.48347264996938,20.68346443454334,33.656078463528196
Cellebrite,CLBT,2025-12-03,0,0,1,1,4.77592087781601,-0.43859725719352,-5.54039898891907
Cimpress,CMPR,2023-03-23,0,0,0,1,-4.2998506874515,37.8359397010639,43.049461815677844
Capital One,COF,2023-01-19,0,0,0,1,0.9983507054327099,1.90806044997764,8.249632496202409
Coherent,COHR,2023-03-16,0,0,0,1,-4.7661090038570695,-4.95772166046457,-9.159314108934371
Coinbase,COIN,2022-06-14,0,0,0,0,0.7865340585378,-5.91144004593077,-5.13041747790256
Compass,COMP,2022-06-14,0,0,0,0,-20.625805278220298,-26.57290746089469,-48.81887068243653
Coursera,COUR,2022-11-09,0,0,0,0,-1.96502817001065,-4.557174161218111,10.25666114132365
Coursera,COUR,2024-10-25,0,0,0,1,-3.9135017933958802,-7.61397755592422,17.36215253540484
Freightos,CRGO,2023-07-12,0,0,0,1,-6.8471661286139005,-21.07342621003091,-4.65141748223379
Salesforce,CRM,2020-08-26,0,0,0,0,28.641856091385232,17.82058884183099,23.36410611003023
Salesforce,CRM,2022-10-13,0,0,0,0,2.03478954790953,3.09372021849256,0.59065664100636
Salesforce,CRM,2023-08-02,0,0,0,1,-1.87937228788858,-3.6918797864584603,-2.75280046390751
Salesforce,CRM,2025-02-03,0,0,1,1,0.69504273011874,-8.427013711091499,-2.39056506423207
Salesforce,CRM,2025-08-31,0,0,0,1,2.44516638657069,-3.53630294892602,-0.50113486467898
Criteo,CRTO,2023-02-21,0,0,1,1,0.09048543322878,-9.03355376550657,-3.3876383080248798
Criteo,CRTO,2024-04-12,0,0,0,1,-1.73618907639814,8.050523729174,8.61901398994881
CrowdStrike,CRWD,2025-05-07,0,0,0,1,-2.94770832239749,-5.01440456307283,-2.54834066513566
Cisco,CSCO,2022-11-16,0,0,0,0,3.93148265028795,8.89636458409168,7.00411082751385
Cisco,CSCO,2023-09-17,0,0,0,1,-0.11052508301399001,-3.25554399766887,-6.11429624848046
Cisco,CSCO,2025-08-19,1,1,1,1,1.75166169459632,-3.72695897424798,-11.798789410860481
Cue,CUE,2022-06-27,0,0,0,0,-19.655476482153688,-23.57516172340309,-26.408025616227338
Cue,CUE,2023-01-05,0,0,0,1,4.90303182949157,7.51344901348309,-8.40539039892797
Carvana,CVNA,2022-05-10,0,0,0,0,-22.77762516368962,-37.147630652253376,-31.41265202125194
Carvana,CVNA,2022-11-18,0,0,0,0,-3.5074384960168903,-13.03073301087869,-7.9916934796487205
Sprinklr,CXM,2023-02-15,0,0,0,1,1.9207197622710601,-7.47014777012134,20.15864415047123
Sprinklr,CXM,2024-05-03,0,0,0,1,-0.4219546475832,-11.300107277766699,-35.34702107530582
Sprinklr,CXM,2025-02-06,1,1,1,1,-1.41168256475724,10.6892924831049,16.66681504769209
Cazoo,CZOOF,2023-01-18,0,0,0,1,-24.0027689572927,-45.619149698511066,-37.13963119451691
DoorDash,DASH,2022-11-30,0,0,0,1,-3.4660998658444298,1.89429137313357,-10.46044112112834
Dayforce,DAY,2025-02-26,0,0,0,1,-0.52279427834421,3.4030434135517798,2.75133503776035
Dropbox,DBX,2021-01-13,0,0,0,0,-2.5746868784586803,-4.98536075295457,4.06343406004547
Dropbox,DBX,2023-04-27,0,0,1,1,-5.9057778889446,4.57582409172394,4.15821270817114
Dropbox,DBX,2024-10-30,0,0,0,1,4.61176409629434,5.838319823272671,12.55327631458293
Dell,DELL,2023-02-06,0,0,0,1,-0.31539977221315,-3.9544985394806496,6.368447429694251
Dell,DELL,2023-08-07,0,0,0,1,7.31460697388418,26.17419517605077,34.41516781454495
Dell,DELL,2024-03-25,0,0,1,1,0.3305753752226,6.21255735006142,3.7747508085248205
Definitive Healthcare,DH,2023-01-12,0,0,0,1,-2.1679599805479297,-6.323822782202971,-11.83123602004081
Delivery Hero,DHER.DE,2022-11-03,0,0,0,0,5.57915538973782,14.248038023315551,14.1809342644107
DHI Group,DHX,2023-05-26,0,0,0,1,2.2080525427848,5.16224469721481,5.0060564893167
DraftKings,DKNG,2023-02-01,0,0,0,1,-5.7881005777958805,23.53896693568348,16.97529063367761
Digimarc,DMRC,2023-02-17,0,0,0,1,2.16862351981674,-8.53805819380177,11.82441906404631
Digimarc,DMRC,2025-02-27,0,0,0,1,-30.716967445576017,-37.744644204352454,-40.320811151425666
Ginkgo Bioworks,DNA,2024-06-20,0,0,0,1,0.39341715468635996,-44.84962748662887,-34.5971041794045
DigitalOcean,DOCN,2023-02-15,0,0,0,1,19.204168054699792,20.89556541405543,36.2009846517826
Doximity,DOCS,2023-08-08,0,0,0,1,-23.51001386099998,-27.37189385020703,-40.97167139972181
DocuSign,DOCU,2022-09-28,0,0,0,0,5.84752869470423,-3.19662742759639,0.04424621351139
DocuSign,DOCU,2024-02-06,0,0,0,1,-13.50363173259807,-5.15044081324154,-8.36287752979399
Domo,DOMO,2020-04-09,0,0,0,0,28.641856091385232,58.46516875703768,79.2575052089662
Domo,DOMO,2023-11-30,0,0,0,1,1.8202624777998297,-2.99357161391268,2.2092061258262
Amdocs,DOX,2023-01-02,0,0,0,1,0.8771851595699101,0.67889335192255,1.66316232671435
Amdocs,DOX,2023-07-06,0,0,0,1,-0.76873882795992,-10.836268882655089,-11.57667180613176
Amdocs,DOX,2025-08-12,1,1,1,1,-3.19678775563978,-6.69493524385277,-7.1757362533294
Viant,DSP,2022-12-13,0,0,0,1,1.0592218887076499,20.43394073698449,24.75990198159516
Electronic Arts,EA,2023-02-28,0,0,0,1,1.5067207428501401,8.434520817309279,14.02315589663146
Electronic Arts,EA,2024-02-28,0,0,1,1,-2.52136401344066,-8.74440938762832,-13.234579440436711
Electronic Arts,EA,2025-04-29,0,0,0,1,-1.33539256468492,-3.26114337246586,-4.423246256753719
Eventbrite,EB,2020-04-08,0,0,0,0,16.88540231385291,34.37805799944939,15.41279165785387
Eventbrite,EB,2023-02-28,0,0,0,1,16.183506178984082,10.75895318896162,15.599672523141281
Eventbrite,EB,2024-08-07,0,0,0,1,-9.188796947355069,-17.93599773648311,-46.756167496340254
eBay,EBAY,2023-02-07,0,0,0,1,-2.7087574636386598,-5.56294958935386,-7.86247210415355
eBay,EBAY,2023-12-17,0,0,0,1,1.78965134024538,0.35569934156793,-1.85121275444263
eBay,EBAY,2025-02-26,0,0,0,1,-8.2981613813341,-7.42301928952309,-9.34214510186958
Editas Medicine,EDIT,2023-01-09,0,0,0,1,-17.243177319778567,-13.92592403195723,-18.42857955197183
8x8,EGHT,2022-10-04,0,0,0,0,-2.94919460348682,28.74460819090442,26.59054285750096
Enphase Energy,ENPH,2023-12-18,0,0,0,1,11.5508374864366,-2.16921653726649,12.83737843688782
Enphase Energy,ENPH,2024-11-11,0,0,1,1,-16.98783619058546,8.54902727166843,-14.682823901186401
Enovix,ENVX,2023-10-05,0,0,0,1,-3.73930747170437,13.22639176516755,2.94687696234271
Enovix,ENVX,2024-05-06,0,0,0,1,-8.66036323379806,10.52832845988609,79.2575052089662
Ericsson,ERIC,2023-02-24,0,0,0,1,0.93977490073072,7.3624422645304595,17.01432647995551
Elastic,ESTC,2022-11-30,0,0,0,1,-8.510240680151341,-7.3065133065567,-17.29627659829718
Etsy,ETSY,2023-12-13,0,0,0,1,-7.1177418503469605,-18.77510778940447,-13.81498888446753
Everquote,EVER,2023-07-11,0,0,0,1,6.95172078172612,-27.15560267417883,-3.9474910716240097
EVgo,EVGO,2023-02-23,0,0,0,1,-3.53808726656206,7.29511326802717,32.44962701420535
Expedia,EXPE,2023-03-21,0,0,0,1,0.74153101278415,-0.47446073302974,1.34774062892539
Expedia,EXPE,2025-02-26,0,0,0,1,-2.30434996169413,-12.88130966798523,-14.266818976974069
Funding Circle,FCHL.XC,2020-07-08,0,0,0,0,2.8069301679537797,17.230635710425858,10.420490151388249
F5,FFIV,2022-10-21,0,0,0,0,1.9659873310294702,-1.18886504045189,0.53597803262
F5,FFIV,2023-11-03,0,0,0,1,-1.37286928711128,7.06488758196887,4.52462274019911
F5,FFIV,2024-09-24,0,0,0,1,0.50782688998682,-3.99692053654801,5.5198789067492005
F5,FFIV,2025-08-13,0,0,0,1,-2.20452434461707,-4.03776442585601,-9.5282008330759
Five9,FIVN,2024-08-20,0,1,1,1,2.00981504493418,-16.276033264429792,-10.3897805856289
Five9,FIVN,2025-04-03,0,0,0,1,-5.99793458360715,-1.29161193398725,1.32532949247901
Goodfood,FOOD.TO,2022-04-07,0,0,0,0,5.78549173429136,-21.59975071009855,-1.69552805973172
VerticalScope,FORA.TO,2023-02-01,0,0,0,1,-3.96376564893842,3.51892734444632,-9.21808391228019
Freshworks,FRSH,2022-12-15,0,0,0,1,6.17598286524062,4.84756472106396,-1.49843421106542
Freshworks,FRSH,2024-11-07,0,0,0,1,28.02313265114315,28.610462437342036,32.993664763914474
F-Secure,FSECURE.HE,2023-10-25,0,0,0,1,2.75179379998216,12.175913715957,14.35322315438362
Fastly,FSLY,2024-08-08,0,0,0,1,-20.55144204672009,-16.407446716789508,0.1777833409363
Fortinet,FTNT,2023-08-25,0,0,0,1,-0.5604100011294,-0.58762081213973,-0.53199308001627
FuboTV,FUBO,2022-08-02,0,0,0,0,4.72743452449288,61.17672871944352,79.2575052089662
Fiverr,FVRR,2022-07-26,0,0,0,0,-3.38135198450068,-3.17549071838739,11.03455701319411
Fiverr,FVRR,2025-09-15,0,0,1,1,-1.8625235812524101,-5.25892431890598,-4.52337016723102
GoDaddy,GDDY,2020-06-24,0,0,0,0,-8.793837029507461,-22.29307892246236,-13.103446009918121
GoDaddy,GDDY,2023-02-08,0,0,0,1,1.6973797510480102,-5.96467714581106,-10.90098796620455
GoodRx,GDRX,2022-08-31,0,0,0,0,-0.51439968534811,5.34171156054694,20.56770635378335
Guardant Health,GH,2023-01-25,0,0,0,1,-6.4670073875551095,-25.689836313450858,-13.387035012379
GoHealth,GOCO,2022-08-09,0,0,0,0,17.39996498904389,-1.05848561404328,18.22766522032521
Google,GOOG,2023-01-20,0,0,1,1,6.33708325535233,-4.2636675985454895,1.7649847614311098
Google,GOOG,2023-09-13,0,0,0,1,0.54755416486594,6.316297269883971,-1.0805165628264901
Google,GOOG,2025-02-27,0,1,1,1,-2.2486032430495797,0.18755948707021,-0.33725213377283997
GoPro,GPRO,2020-04-15,0,0,0,0,-4.3485096909113,12.16792114841051,30.16151959146421
GoPro,GPRO,2024-03-26,0,0,0,1,-5.69500054671686,-13.35451263323498,-11.4494081876087
Grab,GRAB,2023-06-20,0,0,0,1,0.10271138658081999,-3.9959688335418604,-2.88357928529522
Groupon,GRPN,2020-04-13,0,0,0,0,-10.03745820442353,19.22236916518238,17.373639415347743
Groupon,GRPN,2022-08-08,0,0,1,0,3.96734744758009,8.73387200525427,18.61365696705006
GitLab,GTLB,2023-02-09,0,0,0,1,-10.83908295321752,5.47372601975223,-40.21127596215992
ZoomInfo,GTM,2023-06-02,0,0,0,1,5.126842861859051,-0.29572836888,12.563303288118549
ZoomInfo,GTM,2025-06-09,0,0,0,1,-3.2430819157586903,-3.12740252517456,-0.44238055566018
Guidewire,GWRE,2022-08-11,0,0,0,0,-0.90664576174637,-9.18651077716564,-8.196118736759669
Hims & Hers,HIMS,2025-05-30,0,0,0,1,3.26923645493259,-22.31023824875188,-47.95788276877821
Robinhood,HOOD,2023-06-26,0,0,0,1,4.98829983132155,18.4680435852773,7.380373374736469
Hewlett Packard Enterprise,HPE,2025-03-06,0,0,1,1,-14.171070312932098,-22.01551977011065,-15.14686462566352
Hewlett Packard Enterprise,HPE,2025-11-05,0,0,0,1,-0.9821946484416699,-7.00488509038882,-0.22410065087849
HP,HPQ,2023-02-19,0,0,0,1,-0.53792781051894,4.2192586673896795,6.3341918559103
HP,HPQ,2025-02-28,0,0,1,1,-9.78861863441053,-11.88626136496793,-23.0932997189238
HP,HPQ,2025-11-25,0,0,1,1,-2.9518969910584,-6.979094459191559,-9.61212339222919
HubSpot,HUBS,2023-01-31,0,0,0,1,-2.69079806916986,9.07699144685579,9.14826263761433
HubSpot,HUBS,2024-01-24,0,0,0,1,-1.0752594536316,-8.4312131765441,-6.73858544692551
IAC,IAC,2024-01-10,0,0,0,1,-2.38459036537562,-1.5646236279532402,6.19398545353636
IBM,IBM,2023-01-25,0,0,0,1,-6.73029427003876,-7.683349802470819,-12.809340638906841
IBM,IBM,2024-03-12,1,1,1,1,-0.26580429629439,-6.21732969051025,-10.14879962663864
Infineon,IFX.DE,2024-08-05,0,0,0,1,-0.85142818814924,7.41670443342332,-3.37162515806222
Illumina,ILMN,2022-11-14,0,0,0,0,-3.6132899986610996,-12.14461783661321,-11.64265653366435
Illumina,ILMN,2023-06-21,0,0,0,1,-1.07529208297334,-8.91066210342548,-10.53092591902282
Intel,INTC,2022-12-06,0,0,1,1,1.10310618264494,1.72186417809994,4.40007091178565
Intel,INTC,2023-08-17,0,1,1,1,-3.87754474337079,11.28542280676904,10.43145408818453
Intel,INTC,2025-02-04,0,0,0,1,2.58502104601172,22.99746246494705,49.44695338862387
Intuit,INTU,2020-06-22,0,0,0,0,0.6025511294366199,-4.5383838198237,-5.28067556270418
Intuit,INTU,2024-07-10,0,0,0,1,-4.48691480114307,4.54713790043235,-1.61674294001603
Innoviz,INVZ,2024-01-31,0,0,1,1,1.9599597765620098,4.45313473029908,-21.07964141564247
Innoviz,INVZ,2025-02-04,0,0,0,1,-5.22171817212432,-44.484537323157355,-48.81887068243653
Century Therapeutics,IPSC,2023-01-09,0,0,0,1,-7.85644397143989,-13.677468618956121,-10.22282006286873
iSpecimen,ISPC,2023-09-06,0,0,0,1,-4.28645695810611,-11.0299831493254,-42.26738906523215
Jumia,JMIA,2022-11-21,0,0,0,0,-8.822270729861211,-14.976179119451249,-5.61395736422478
Just Eat Takeaway,JTKWY,2022-07-20,0,0,0,0,4.05250387695726,11.29242954872961,28.956105184262558
Kyndryl,KD,2023-03-30,0,0,0,1,-0.004243411147026102,-0.21148059371816,7.734771412437929
Kaltura,KLTR,2022-08-09,0,0,0,0,-3.60080054257573,-0.11804189801480999,12.555793666415859
Kaltura,KLTR,2025-08-07,0,0,1,1,2.56913563483946,-29.6555109756047,-28.658336272136182
CS Disco,LAW,2023-01-19,0,0,0,1,5.02776841990338,13.753001051493191,3.49730174907837
Luminar,LAZRQ,2024-05-03,0,0,0,1,7.40200985363819,15.22794919823379,18.53263192784155
Luminar,LAZRQ,2025-05-20,0,0,0,1,-11.222472142978459,-37.89644455709516,-34.80487906519695
Lemonade,LMND,2022-04-20,0,0,0,0,-3.8341486641750704,26.84772945975571,23.079402091773222
Lemonade,LMND,2023-05-16,0,0,0,1,0.19469873351903,16.04846817419702,-6.691657459508931
Logitech,LOGI,2023-03-22,0,0,0,1,0.53372815881429,4.43297264718754,16.35628326920545
LivePerson,LPSN,2020-11-01,0,0,1,0,-4.7149372656946404,-14.01936741019562,-16.99438887546357
LivePerson,LPSN,2022-09-15,0,0,0,0,-1.73401215090057,0.07568617136278,21.95816588202283
Lam Research,LRCX,2023-01-25,0,0,0,1,0.18786574192687,-1.82138122772574,6.11417060355907
Lightspeed Commerce,LSPD.TO,2023-01-17,0,0,0,1,2.06337928863011,-8.502230481747821,-18.90738287887388
Lightspeed Commerce,LSPD.TO,2024-04-03,0,0,0,1,1.9408137663467802,6.871949692974989,-5.06516114318423
Latch,LTCH,2022-05-10,0,0,1,0,-12.65261200724944,-45.619149698511066,-48.81887068243653
Latch,LTCH,2023-07-10,0,0,0,1,4.03062340369427,-8.35482734600905,-29.655324289131542
Lucid Diagnostics,LUCD,2023-01-18,0,0,0,1,4.85941845252587,-16.47136011150939,6.95638767052172
Lyft,LYFT,2020-04-29,0,0,0,0,-7.3580277678605,-12.258050220333141,4.62226098318846
Lyft,LYFT,2022-07-20,0,0,0,0,-7.6073894144741905,18.75953049125096,20.27803680303395
Lyft,LYFT,2024-09-04,0,0,0,1,3.7448723766638903,3.77075760821533,8.37153379873898
LegalZoom,LZ,2023-10-19,0,0,0,1,-0.43594304472465,2.0783941833001403,1.0688781387628001
LegalZoom,LZ,2024-08-07,0,0,0,1,-2.34964445445778,14.494086710879762,6.79176005894875
Mobileye,MBLY,2024-09-09,0,0,1,1,-13.13289916880653,10.71352262749486,6.4373897343219495
Mobileye,MBLY,2025-12-08,0,0,0,1,-3.19699745300079,6.93540462979519,-14.018559720224449
Medtronic,MDT,2023-04-12,0,0,0,1,1.29304516691858,13.74958554361963,13.68180979505505
Medtronic,MDT,2024-06-13,0,0,0,1,-1.15131257631219,-7.26214254885702,-1.9701396636881499
Medtronic,MDT,2025-10-27,0,0,0,1,-1.15335189422729,10.35900590138127,1.50860972291541
Meta,META,2022-11-09,0,0,1,0,6.32040751678576,13.59350939727647,30.588821988406178
Meta,META,2023-10-04,0,0,0,1,-0.67584927131408,0.68662328353438,-0.87600170789272
Meta,META,2024-10-16,0,0,0,1,-1.3142177375468,-7.26367024883881,-12.85878452361507
Meta,META,2025-10-22,1,1,1,1,0.39042628020509,-18.95224901013539,-9.42898972940766
Magnite,MGNI,2023-01-19,0,0,0,1,0.9503868814709301,7.39806599573281,-31.54100089940975
MakeMyTrip,MMYT,2020-06-01,0,0,0,0,2.08785083218806,0.6390711143751701,-3.1742095637400403
Megaport,MP1.AX,2023-01-05,0,0,0,1,1.43653305768744,-5.17323259445789,5.492057031984579
Marqeta,MQ,2023-05-09,0,0,0,1,-0.5002706563188299,-3.88735144052557,16.053103324654288
Marvell,MRVL,2023-03-21,0,0,0,1,0.63566384480806,-3.11746559685591,-0.32155563126752
Microsoft,MSFT,2022-07-12,0,0,0,0,-2.6531661126236403,-0.39024548228871997,-3.91517639086131
Microsoft,MSFT,2024-01-25,0,0,0,1,0.6391320338039199,-7.501532310104079,-8.54894430879399
Match Group,MTCH,2023-02-01,0,0,0,1,-10.98403999918092,-18.82200967250133,-29.37877567835578
Match Group,MTCH,2024-07-31,0,1,1,1,14.827936141852268,16.646359514286992,11.38173579854856
Match Group,MTCH,2025-05-08,0,0,0,1,-12.19830327664211,-1.47959432022142,-2.71114486874885
Micron,MU,2023-01-01,0,0,0,1,0.03961336284768,6.24164428821017,8.305498218368939
Micron,MU,2025-08-12,0,0,0,1,0.8474614914290499,8.13429199102616,34.200265126305055
NCC Group,NCC.L,2023-08-10,0,0,0,1,3.67825903935629,5.73487335567177,17.853480130836168
nCino,NCNO,2023-01-18,0,0,0,1,-1.25488527492764,-8.34456510854328,-21.79828647721478
nCino,NCNO,2025-05-27,0,0,1,1,-0.04585834099735,-3.49237690165179,12.0340758817145
Cloudflare,NET,2024-01-11,0,0,0,1,-3.8599231993194,18.292822900649288,10.309870558431191
Netflix,NFLX,2022-04-28,0,0,0,0,-1.4783489063067101,13.44469057125963,6.75718664451148
NIO,NIO,2023-11-03,0,0,0,1,0.97999311804566,-15.59071758646676,-7.80231354931683
Presto,NPK,2023-11-20,0,0,1,1,-2.6208507236953,-6.76466102613458,-7.90247845119543
NerdWallet,NRDS,2024-07-30,0,0,0,1,-8.470137756086379,-24.51379487040871,-22.41978061758386
Nerdy,NRDY,2022-12-08,0,0,0,1,-0.25897168243018004,20.8979698327718,21.465583495413938
NetApp,NTAP,2023-01-31,0,0,0,1,0.59600202085722,0.57153636154381,0.9760437101831001
NetApp,NTAP,2025-04-30,0,0,1,1,0.38914251191941,6.02088833379126,7.666520643294749
NetEase,NTES,2025-02-22,0,0,0,1,-4.6183577144741,3.57134437281949,9.24034063777841
Nutanix,NTNX,2022-08-09,0,0,0,0,1.2253212737671901,44.108310326650866,56.40279436722913
Natera,NTRA,2022-11-22,0,0,0,0,4.69011467879303,21.09735421307221,15.89298980829564
Nextdoor,NXDR,2023-11-07,0,0,0,1,-16.21669553099242,-7.55002313851508,0.6497259490355
Nextdoor,NXDR,2025-08-07,0,0,0,1,20.140665179310062,16.53156215547142,24.68249424980482
Nayax,NYAX,2025-07-07,0,0,0,1,-15.48650079708339,-18.82471093041537,-16.07406144506165
Ocado,OCDO.L,2023-12-31,0,0,0,1,-2.90584782440838,-19.2245497028514,-23.666459991217632
Okta,OKTA,2022-08-26,1,1,1,0,0.49813422754008,-25.105803220648088,-18.87032074005116
Okta,OKTA,2024-02-01,0,0,0,1,-3.48678351496957,21.479663523125268,20.872996876947568
Okta,OKTA,2025-02-04,0,0,0,1,2.48722297346064,34.13777282215677,39.98613217913077
Offerpad,OPAD,2022-11-11,0,0,0,0,10.136746276052131,2.90110206253807,-14.87054776529774
Opendoor,OPEN,2022-11-02,0,0,0,0,4.14279770663977,-12.36638286210596,-30.73013667164439
Opendoor,OPEN,2024-11-07,0,0,0,1,-19.66742346365784,24.06088511403364,-3.03688814801118
Oportun,OPRT,2023-02-09,0,0,0,1,-7.005740858125691,-26.69911020473789,-11.25980530077613
Oportun,OPRT,2023-11-07,0,0,1,1,-30.716967445576017,-45.619149698511066,-48.81887068243653
Oracle,ORCL,2022-08-01,0,0,0,0,-1.3540309753270001,-1.64693503143108,2.94028461371009
Oracle,ORCL,2025-08-13,0,1,1,1,-3.9242555339884397,20.46432619716197,8.29256316917177
Oatly,OTLY,2022-11-15,0,0,1,0,-15.89625504300271,-31.822984793904507,10.104632534744031
Ouster,OUST,2022-09-20,0,0,0,0,-11.525125696230209,-1.8436322034627501,27.24179638365627
Owlet,OWLT,2022-07-22,0,0,0,0,-6.5606736306209,5.84585983557575,9.30118546768312
PagSeguro,PAGS,2023-01-25,0,0,0,1,14.27972799045773,-7.19225234872438,-3.41996975585366
UiPath,PATH,2022-06-27,0,0,1,0,1.0647212596429498,-19.578977626316952,-21.06927646075145
UIPath,PATH,2024-07-09,0,0,1,1,-9.95719428470788,-1.62926217195835,-6.17422488849484
Paycom,PAYC,2025-10-01,0,0,0,1,-9.88870022982644,-14.136830408987668,-31.57040063688834
Payoneer,PAYO,2023-06-26,0,0,0,1,0.52035052775082,5.3139474261967194,20.820490493367892
Payoneer,PAYO,2025-12-08,0,0,0,1,1.10191646126555,-0.70427869373521,5.3094078762332995
Procore,PCOR,2024-01-30,0,0,0,1,3.118881186933,0.39833450109047996,5.3835286030184
PagerDuty,PD,2023-01-24,0,0,0,1,-3.7918926965101805,-3.65873126697479,-5.864293049066769
Pegasystems,PEGA,2023-01-03,0,0,0,1,-0.5968096161167,-4.3182145546897,2.57750891270181
Pegasystems,PEGA,2023-08-31,0,0,0,1,2.67861207047595,-9.10733686597026,-12.8553324917834
Perion,PERI,2022-08-08,0,0,1,0,-1.4477869965096,8.217149704986259,14.912273139142071
Perion,PERI,2024-06-25,0,0,1,1,-4.1256899589316,4.87766919864833,11.53946213956538
Pagaya,PGY,2023-01-18,0,0,0,1,-13.555295517411711,27.417688949687243,-12.82092388760959
Pagaya,PGY,2024-06-05,0,0,1,1,11.54420634289856,20.027833563548132,11.29360361881216
Philips,PHG,2022-10-24,0,0,0,0,-6.02051358430541,10.341339908211381,13.95531116487882
Phunware,PHUN,2023-07-20,0,0,0,1,-8.81227145552336,-6.86905824332666,-18.75055691897602
Impinj,PI,2024-02-13,0,0,0,1,-6.49485816628443,10.39159827117567,16.74615311172138
Pinterest,PINS,2022-11-30,0,0,0,1,-2.94709856000458,6.12560629348312,1.7179046659207502
Planet,PL,2023-08-01,0,0,0,1,-0.39416349792675,-1.71385765399958,-3.01441228846584
Planet,PL,2024-06-26,0,0,0,1,-7.879939297840161,11.56308794193271,17.56919237666677
Playtika,PLTK,2022-05-31,0,0,0,0,-4.3051949141506,3.55460578914796,-10.809291671758
Playtika,PLTK,2022-12-09,0,0,0,1,-2.2071036499484,14.258688540649311,10.202119255106549
Playtika,PLTK,2024-01-11,0,0,0,1,-1.90074510425675,-8.29110834246103,-13.668813485566261
Playtika,PLTK,2025-06-05,0,0,1,1,-0.04386966594182,1.20294093665941,-6.54899714041721
Palantir,PLTR,2023-02-27,0,0,0,1,-2.52914204802592,-1.15586637900023,-5.68673386339887
Palantir,PLTR,2025-03-27,0,1,1,1,-4.69235055345194,11.17740783544984,8.32532675540406
Personalis,PSNL,2023-01-19,0,0,0,1,-20.87891154804098,33.791901687624346,10.75211729925498
Pure Storage,PSTG,2024-02-08,0,1,1,1,3.79931529819955,24.33662932468991,16.069668730363677
Peloton,PTON,2022-02-08,0,0,0,0,28.641856091385232,-17.81526448632551,24.82055239728688
Peloton,PTON,2022-08-12,0,0,0,0,12.49809680434485,24.84492352790774,46.092886575397365
Peloton,PTON,2023-07-13,0,0,0,1,-5.38568484627677,-9.10055539751251,-26.13991224827442
Peloton,PTON,2024-05-02,0,0,0,1,4.1593305054767,18.326100191970628,39.16192724667495
Peloton,PTON,2025-08-07,0,0,0,1,8.16184738272041,-1.12550971110782,-10.39491520055995
PubMatic,PUBM,2024-10-07,0,0,0,1,1.54926859300873,-6.51887089670854,-7.649583493603671
PayPal,PYPL,2022-05-23,0,0,0,0,0.9316117763087399,1.92972444218024,1.7404703101273602
PayPal,PYPL,2023-01-31,0,0,0,1,-1.58082522275162,-2.359188693375,0.16144978391728998
PayPal,PYPL,2024-01-30,0,0,0,1,1.61541054279163,-2.44652952722787,-0.64803633129671
Qualcomm,QCOM,2022-12-22,0,0,0,1,-1.8431620985378798,9.421944012395201,7.29007152146544
Quantum SI,QSI,2023-01-30,0,0,0,1,-4.91174564055586,-14.84430860454049,-16.23862290272294
Quanterix,QTRX,2022-08-09,0,0,0,0,-30.716967445576017,-6.35863585200917,-4.94079622812915
LiveRamp,RAMP,2022-11-03,0,0,0,0,-6.04680706394834,25.596793799627847,37.597048525215456
LiveRamp,RAMP,2025-03-05,0,0,0,1,-3.57368426555326,-5.48649862418855,-3.8816055197225
Roblox,RBLX,2023-09-22,0,0,0,1,2.73224106188514,32.75512692384147,40.1855402416548
Vicarious Surgical,RBOT,2023-02-15,0,0,0,1,2.63711356510344,-15.89418710351792,11.133358717964729
The RealReal,REAL,2023-02-16,0,0,0,1,-1.99393067054025,-0.16106090194089,1.36998759717387
REE Automotive,REE,2023-02-09,0,0,0,1,13.35621298633137,23.45944560648531,-14.93011590596079
Rent the Runway,RENT,2024-01-09,0,0,0,1,28.641856091385232,17.41225088142992,21.86896950070066
Rigetti Computing,RGTI,2023-02-10,0,0,0,1,-18.556585151100062,-17.3404988895252,28.018989274381738
Rivian,RIVN,2023-02-01,0,0,0,1,-2.11628664299216,-9.79737013307907,-16.60553838379375
Rivian,RIVN,2023-12-07,0,0,0,1,7.5883607908433195,2.63278718915969,-6.4526042631375695
Rivian,RIVN,2025-06-26,0,0,0,1,-2.52876941707354,-9.08127424155373,-24.207954378111722
Rocket Companies,RKT,2025-07-18,0,0,0,1,10.24195456088883,29.89286790391207,22.59242973710484
RingCentral,RNG,2022-08-04,0,0,0,0,-14.96152620434136,3.26114185244216,-4.3611040516749
Roku,ROKU,2022-11-17,0,1,1,0,8.86236180579506,-4.43077722290857,-11.74469489255803
Rapid7,RPD,2023-08-08,0,0,0,1,10.616480307188949,24.06482828835798,21.39704599747309
Riskified,RSKD,2024-02-13,0,0,0,1,-1.1457163935316599,14.527751022932769,18.03306392226451
Riskified,RSKD,2025-02-19,0,0,0,1,-5.1180716357876594,-10.28789580977014,-2.60463799943351
SentinelOne,S,2023-06-01,0,0,0,1,-30.716967445576017,-32.3701184273967,-25.63530048698063
Sabre,SABR,2023-05-04,0,0,0,1,-7.47149837241015,-15.98386435378481,-11.283687954099001
SAP,SAP,2023-01-26,0,0,0,1,-5.088185028225721,-2.9947862990759098,-1.03164090107834
SAP,SAP,2024-01-23,0,0,1,1,6.06817048595226,3.0894018431372396,8.485138329912619
Satellogic,SATL,2024-05-24,0,0,0,1,-16.16697753567879,-7.33335356123295,-27.271781668465
Springbig,SBIG,2022-12-01,0,0,0,1,-0.17873527567035,-29.465029778052283,35.13010710034753
SolarEdge,SEDG,2024-01-21,0,0,0,1,1.35951421882004,28.547891709412898,4.30329776779572
Stitch Fix,SFIX,2020-06-01,0,0,0,0,1.46164431214332,1.1740085159239,12.158122035363341
Stitch Fix,SFIX,2022-06-09,0,0,0,0,-10.20469020282381,-32.40149160884643,-20.79862877534163
Stitch Fix,SFIX,2023-01-05,0,0,0,1,16.2783286505265,8.46387727286479,19.76379862408823
Stitch Fix,SFIX,2023-07-12,0,0,0,1,-6.36785891152377,-6.62363497272922,0.6290630554189001
Shopify,SHOP,2020-08-14,0,0,0,0,-2.64432207745675,-15.46914256741149,-24.64782919881264
Shopify,SHOP,2022-07-06,0,0,0,0,-4.46390914890108,1.49611682904448,-24.06918847788791
Shopify,SHOP,2023-05-04,0,0,1,1,27.133242642834947,9.51428365422064,9.8830884048444
Shopify,SHOP,2025-11-26,0,0,0,1,-3.76390313843341,0.30765415177911,-3.2698977369688604
Sinch,SINCH.ST,2022-10-12,0,0,0,0,12.2545351488366,61.17672871944352,79.2575052089662
SiriusXM,SIRI,2023-03-06,0,1,1,1,-5.43200273587513,-5.7965704791576,-11.38547466028091
SiriusXM,SIRI,2024-02-12,0,1,1,1,-3.25150430078974,-22.73331458679449,-35.10748773804227
Skillz,SKLZ,2022-05-20,0,0,0,0,-1.4053155633662,-12.91668247988939,-18.74666164021253
NuScale Power,SMR,2024-01-08,0,0,0,1,-11.936606303349249,29.86200870378402,11.50674227850792
Similarweb,SMWB,2022-11-16,0,0,0,0,-12.529149525661209,0.7253834278786601,40.33460700998521
Snap,SNAP,2022-08-31,0,0,0,0,16.09811570609538,32.85480946439457,48.20284672893964
Snap,SNAP,2023-09-27,0,1,1,1,2.3871784060404697,16.98470537322834,33.127131000680386
Synopsys,SNPS,2023-01-27,0,0,0,1,-0.17483801499051999,0.74623061209609,-0.9203679014080699
Synopsys,SNPS,2025-11-12,0,0,0,1,1.34872553381588,16.02800353100242,13.34046345415995
SoFi,SOFI,2023-01-30,0,0,0,1,15.872577458523809,15.07195033960822,4.94188653496071
SoFi,SOFI,2024-01-10,0,0,0,1,-2.79908428870955,-5.47546774127474,-17.91261804304904
Sonder,SONDQ,2023-03-01,0,0,0,1,-16.220107141554728,9.15930789807196,-37.19803556588538
Sonder,SONDQ,2024-02-15,0,0,0,1,6.736572945147221,61.17672871944352,68.32678341762055
Sonder,SONDQ,2025-04-14,0,0,0,1,15.37353702151107,-18.53256445259282,-34.61403799630081
Sonos,SONO,2020-06-24,0,0,0,0,0.57884423885785,15.88821892998057,6.791819521638991
Sonos,SONO,2023-06-14,0,0,0,1,-0.56726643039199,6.4543615998724295,7.1268463346312
Sonos,SONO,2024-08-14,0,0,0,1,-2.23714830901617,-4.07886771964397,-8.7973841740356
Spotify,SPOT,2022-10-06,0,0,0,0,1.43885634993776,-7.18662834053589,-9.248659634373869
Spotify,SPOT,2023-12-04,0,0,0,1,6.611104022200159,-1.1276787705559999,-1.44937332731935
Spotify,SPOT,2024-07-15,0,1,1,1,-3.3702132629374404,14.912153665618922,-2.12782553616684
Sprout Social,SPT,2024-11-25,0,0,0,1,4.844179988142041,10.59793120185911,20.55193694631404
Sportradar,SRAD,2023-11-02,0,0,0,1,4.3727008100747,11.16241175110614,5.4237576324553
Stem,STEM,2025-04-29,0,0,0,1,28.641856091385232,8.77748563283918,39.76794691092822
Stone,STNE,2020-05-12,0,0,0,0,-18.45732285516974,24.73472134468842,30.398286154814556
Storytel,STORY-B.ST,2022-03-17,0,0,0,0,6.10528416877926,7.8729435670417995,1.80466424932972
Seagate,STX,2022-10-26,0,0,0,0,-8.82443542066043,-8.4196449663576,-0.54189592038272
SWVL,SWVL,2022-05-30,0,0,1,0,1.0933294486964,53.75216872479166,-24.60848511354124
Synlogic,SYBX,2022-12-01,0,0,0,1,25.89542150601329,37.15014327074379,56.81155128748049
TaskUs,TASK,2023-02-22,0,0,0,1,11.41805823234219,-20.91593958318942,-23.3146648694459
Taboola,TBLA,2022-09-13,0,0,1,0,-0.90174590743421,-7.294824271960961,-11.998275024413731
Teradata,TDC,2024-08-06,0,0,0,1,-16.01070199388526,-3.0088113925384503,-2.70439723097915
Teladoc Health,TDOC,2023-01-18,0,0,0,1,-4.89918197324291,-1.98938587880199,-5.5318449838417
ThredUp,TDUP,2022-08-15,0,0,0,0,11.37823490918429,33.063361644094606,24.20370266944716
Atlassian,TEAM,2023-03-06,0,0,0,1,5.20096879692315,-14.47867010543752,-9.83299334620208
Atlassian,TEAM,2025-07-30,1,1,1,1,-4.47212087396495,-19.37490569230648,-19.62228779623852
Tenable,TENB,2024-02-07,0,0,0,1,4.2481479702944895,-4.92374112962998,-3.6816445376421
Toast,TOST,2024-02-15,0,0,0,1,11.56942574584452,22.76741280170199,25.320488087136926
LendingTree,TREE,2022-11-03,0,0,0,0,11.14002905893198,11.92589677683435,15.813287254708019
TripAdvisor,TRIP,2020-04-28,0,0,0,0,-2.17725908610611,13.004634253455999,4.7750369664889405
TripAdvisor,TRIP,2023-08-02,0,0,0,1,-12.62136870565344,-12.96359520472034,-1.8033453447822398
TripAdvisor,TRIP,2025-02-04,0,0,0,1,-1.1203475855395,-13.686996240079829,-3.32031751803496
TripAdvisor,TRIP,2025-11-05,0,0,1,1,2.7139937315393303,-3.1281686161629496,-16.25054184623238
Maven,TRLFF,2020-03-30,0,0,0,0,-30.45735217490076,27.215124371589933,37.07346534712851
Tesla,TSLA,2022-06-03,0,0,1,0,-6.377853558658959,-11.572094382127469,-7.24273226862847
Tesla,TSLA,2024-04-15,0,0,0,1,-3.51451444147437,1.8949552652124901,10.24929286495564
The Trade Desk,TTD,2025-12-17,0,0,1,1,3.88867700095237,5.95716455394542,-4.71232071281487
TechTarget,TTGT,2022-12-08,0,0,0,1,1.30349949481846,12.528329113237891,9.171992771607899
Take-Two Interactive,TTWO,2023-03-07,0,0,0,1,1.85224605716559,9.22745962716615,16.80382433935955
Take-Two,TTWO,2024-04-16,0,0,0,1,-0.74463948086074,-3.82645409160308,2.38210465571259
Twilio,TWLO,2022-09-14,0,0,0,0,14.0810268982964,27.03476763018499,37.52046988892996
Twilio,TWLO,2023-12-04,0,0,0,1,3.3135481026187104,-2.30977732298287,7.270859277440509
Twist Bioscience,TWST,2023-05-05,0,0,0,1,7.39205893063373,14.64308967407995,27.73979514773124
10X Genomics,TXG,2022-08-04,0,0,0,0,-6.390989206218051,-3.73783242014153,-3.10343491919021
Unity,U,2022-06-29,0,0,0,0,-5.82764939656437,-34.01058431743097,-21.42819808921237
Unity,U,2023-01-17,0,0,0,1,-4.10117433537501,3.10391568071602,-14.70888184496521
Unity,U,2025-02-11,0,0,0,1,-7.04520168187903,36.79063474290255,37.14759941636676
Uber,UBER,2022-09-07,0,0,0,0,0.0429100318073,3.9494984304164698,15.10318762658763
Uber,UBER,2023-06-21,0,0,0,1,-0.43361049121226003,3.1901986637195296,-0.05989754341252
Udemy,UDMY,2023-02-14,0,0,0,1,-1.7647538543305499,-24.512970072128372,-36.14908827186497
Udemy,UDMY,2024-09-11,0,0,0,1,-0.8986043512054099,-7.67133816396731,0.76225832078608
Upstart,UPST,2022-11-01,0,0,0,0,0.06723505301998,-6.4299189450929,-12.88660996529889
Upwork,UPWK,2023-05-03,0,0,0,1,-15.918783840893349,-9.078129713108531,-11.75012242034086
Upwork,UPWK,2024-10-23,0,0,0,1,28.15444973114672,40.6988992450148,43.77933935371419
View,VRAYQ,2023-04-03,0,0,0,1,-1.4767638551320101,-45.619149698511066,-48.81887068243653
Varonis,VRNS,2022-11-06,0,0,0,0,11.213440981612601,23.349202868371812,8.70968038714746
Viasat,VSAT,2023-04-12,0,0,0,1,-0.9895527410764099,12.0831271974986,30.54580545702688
Viasat,VSAT,2023-11-02,0,0,0,1,0.38864017000216,11.66402867668304,16.132474082133243
Wayfair,W,2022-08-19,0,0,0,0,-4.534269437193831,-5.10857725095877,0.26806589756768
Wayfair,W,2024-01-19,0,0,1,1,9.654896794810849,-7.1308915644713196,6.44108124062811
Wayfair,W,2025-01-10,0,0,0,1,1.0540298038343001,2.04507197157034,12.303960420195171
Wallbox,WBX,2023-01-19,0,0,0,1,5.55253099835088,23.76108654054937,46.65990030487668
Workday,WDAY,2023-01-31,0,0,0,1,2.08914091686544,6.59396198344284,1.26739528244137
Workday,WDAY,2025-02-05,0,0,1,1,6.39812193004644,6.60189755092933,5.68389939391043
Western Digital,WDC,2022-11-22,0,0,0,0,-1.30921947739071,-7.43111842881193,0.7812952853341499
Western Digital,WDC,2023-05-24,0,0,0,1,1.7321528213161,0.51977546669248,-2.4570133080382703
Westwing,WEW.DE,2022-09-29,0,0,0,0,3.36359396989677,42.16216503449693,48.76865977030994
Wex,WEX,2024-06-18,0,0,0,1,-0.43008437088968,5.04211302960016,-2.24325123588856
Wix,WIX,2022-08-09,0,0,0,0,8.05935095435621,15.537571416503429,57.413757821474384
Wix,WIX,2023-02-15,0,0,0,1,-0.77473105315577,8.623511176707629,17.515003228809668
XP,XP,2023-01-17,0,0,0,1,-2.9812469232477703,-7.24710854555828,-25.919836358902348
Xero,XRX,2023-03-09,0,0,0,1,1.23010706966344,-2.44211280078886,-6.91679020576242
Xerox,XRX,2024-01-03,0,0,0,1,-6.77360917959436,7.67148582431935,4.14500326932285
Block,XYZ,2023-10-04,0,0,0,1,0.7985641386429799,5.79195860980233,24.32861997175982
Block,XYZ,2025-03-25,1,1,1,1,-4.40239747115755,6.4484859363841505,-9.49167920910496
Yelp,YELP,2020-04-09,0,0,0,0,-7.71827465002229,-5.55801209016542,-1.8324716506630399
Yext,YEXT,2023-01-23,0,0,0,1,-1.36050288991329,6.14809924395349,21.08459328425069
Yext,YEXT,2024-06-05,0,0,0,1,-3.77518228999522,10.57896578468121,3.15464032652878
Zillow,Z,2021-11-02,0,0,0,0,-30.716967445576017,-45.619149698511066,-35.28922618761628
Zillow,Z,2022-10-26,0,0,0,0,2.05114919428132,17.84221857683858,25.317138508362707
Zillow,Z,2023-11-07,0,0,0,1,2.05292275957575,11.43970877731736,19.4683747883933
Zillow,Z,2025-01-10,0,0,0,1,1.4110138688777398,20.54922953086118,10.755965173139929
Zalando,ZAL.DE,2023-02-21,0,0,0,1,1.39468154316101,4.34533193321896,15.37883128977702
Zebra Technologies,ZBRA,2023-08-28,0,0,0,1,-0.69674108961494,-9.98207617605312,-11.883204975914891
Zebra Technologies,ZBRA,2025-12-12,0,0,0,1,-0.043384197957689996,-0.25191011460929,-5.73587415338865
ZipRecruiter,ZIP,2023-05-31,0,0,0,1,-0.20180594376966,7.50911419134085,6.678547252069531
ZipRecruiter,ZIP,2025-09-16,0,0,1,1,7.3129208082860995,-8.66030677152851,1.51373589809942
Zoom,ZM,2023-02-07,0,0,0,1,4.31179096027848,1.49923578094214,0.15349161707186998
Zoom,ZM,2024-02-01,0,0,1,1,-5.3741124575688,3.8670981227987102,-5.77639232199219
Zscaler,ZS,2023-03-02,0,0,0,1,-10.965732803068839,-22.4008813041955,-27.660798660850837
