event_id,ticker,company_x,event_dt,CAR_CAPM_short_term,CAR_FF4_short_term,percentage_laid_off,funds_raised,ai_mentioned,company_y,prior_6m_return,n_pre,layoff_pct,funds_raised_num,log_funds_raised,year
0442.HK_2022-05-10,0442.HK,Doma,2022-05-10,0.0117559232332533,0.0106998350442345,0.15,679.0,1,Doma,-0.140762259689711,122,0.15,679.0,6.520621127558696,2022
0442.HK_2022-12-06,0442.HK,Doma,2022-12-06,0.0117559232332533,0.0106998350442345,0.4,679.0,0,Doma,-0.2602545791092824,122,0.4,679.0,6.520621127558696,2022
0992.HK_2025-07-16,0992.HK,Lenovo,2025-07-16,0.0941609857716755,0.0990825771007891,0.03,850.0,0,Lenovo,-0.06032279274697805,120,0.03,850.0,6.745236349484363,2025
0A75.L_2023-12-05,0A75.L,Bill.com,2023-12-05,0.1816331513273527,0.1600399577916486,0.15,280.0,0,Bill.com,-0.41653518045739446,126,0.15,280.0,5.634789603169249,2023
0A75.L_2025-10-15,0A75.L,Bill.com,2025-10-15,0.1816331513273527,0.1600399577916486,0.06,280.0,1,Bill.com,0.0972465676521781,126,0.06,280.0,5.634789603169249,2025
5S0A.F_2022-03-29,5S0A.F,Thinkific,2022-03-29,0.0636272572845751,0.0648953253697358,0.2,22.0,1,Thinkific,-0.8144864940429983,123,0.2,22.0,3.091042453358316,2022
852.SG_2022-07-26,852.SG,Outbrain,2022-07-26,0.3634053963090097,0.3484637378569104,0.03,394.0,1,Outbrain,-0.523114870178438,56,0.03,394.0,5.976350909297934,2022
852.SG_2023-06-01,852.SG,Outbrain,2023-06-01,0.3634053963090097,0.3484637378569104,0.1,394.0,1,Outbrain,0.1775686670715393,122,0.1,394.0,5.976350909297934,2023
ABSI_2023-09-05,ABSI,Absci,2023-09-05,0.1192536788279878,0.1292268391137654,0.15,238.0,0,Absci,-0.32121625307030055,126,0.15,238.0,5.472270673671475,2023
ADSK_2023-02-02,ADSK,Autodesk,2023-02-02,0.1671943036518063,0.1613973691044543,0.02,,0,Autodesk,-0.01587015875417419,126,0.02,,0.0,2023
ADSK_2025-02-27,ADSK,Autodesk,2025-02-27,0.1671943036518063,0.1613973691044543,0.09,,1,Autodesk,0.10133584262359396,126,0.09,,0.0,2025
ADSK_2026-01-22,ADSK,Autodesk,2026-01-22,0.1671943036518063,0.1613973691044543,0.07,,0,Autodesk,-0.15482115066407465,126,0.07,,0.0,2026
AFRM_2022-11-03,AFRM,Affirm,2022-11-03,-0.0953259761585332,0.0500857151494131,0.01,1500.0,1,Affirm,-0.6470211467784082,126,0.01,1500.0,7.313220387090301,2022
AI_2026-02-25,AI,C3.ai,2026-02-25,-0.0986922466132917,-0.1114717173464052,0.26,228.0,0,C3.ai,-0.468157343019018,126,0.26,228.0,5.429345628954441,2026
AKAM_2023-05-09,AKAM,Akamai,2023-05-09,0.0383713043260093,0.0382533979304135,0.03,35.0,0,Akamai,-0.06825866949234749,126,0.03,35.0,3.5553480614894135,2023
AKAM_2024-11-07,AKAM,Akamai,2024-11-07,0.0383713043260093,0.0382533979304135,0.02,35.0,0,Akamai,0.003045169430007988,126,0.02,35.0,3.5553480614894135,2024
AL_2023-01-12,AL,Akili Labs,2023-01-12,0.052410903805673,0.0407996538150827,0.3,301.0,0,Akili Labs,0.2748617739525807,126,0.3,301.0,5.707110264748875,2023
AL_2023-09-13,AL,Akili Labs,2023-09-13,0.052410903805673,0.0407996538150827,0.4,301.0,0,Akili Labs,0.013259278884719228,126,0.4,301.0,5.707110264748875,2023
AMZN_2025-10-28,AMZN,Amazon,2025-10-28,0.1560774371353015,0.1314925767845268,0.01,8100.0,1,Amazon,0.18468836202675498,126,0.01,8100.0,8.99961934066053,2025
APP_2022-06-27,APP,AppLovin,2022-06-27,0.118513894435549,0.1872737858519053,0.12,1600.0,0,AppLovin,-0.6584817603771755,126,0.12,1600.0,7.3777589082278725,2022
ARVLF_2022-07-13,ARVLF,Arrival,2022-07-13,0.7445485603360023,0.6169310616195262,0.3,629.0,1,Arrival,-0.858456307055465,126,0.3,629.0,6.444131256700441,2022
ARVLF_2023-01-30,ARVLF,Arrival,2023-01-30,0.7445485603360023,0.6169310616195262,0.5,629.0,1,Arrival,-0.8792404190606952,126,0.5,629.0,6.444131256700441,2023
ARVLF_2023-10-05,ARVLF,Arrival,2023-10-05,0.7445485603360023,0.6169310616195262,0.25,629.0,1,Arrival,-0.8851667798593122,126,0.25,629.0,6.444131256700441,2023
ARVLF_2025-03-10,ARVLF,Arrival,2025-03-10,0.7445485603360023,0.6169310616195262,1.0,629.0,1,Arrival,-2.3873153612407156,126,1.0,629.0,6.444131256700441,2025
ASAN_2022-11-15,ASAN,Asana,2022-11-15,0.0939246388467857,0.0915123790444284,0.09,453.0,0,Asana,-0.23639510601516422,126,0.09,453.0,6.115892125483034,2022
AZN_2022-11-08,AZN,Astra,2022-11-08,0.0571350804961321,0.0468409597446221,0.16,300.0,0,Astra,-0.035002656087589124,126,0.16,300.0,5.703782474656201,2022
AZN_2023-08-04,AZN,Astra,2023-08-04,0.0571350804961321,0.0468409597446221,0.25,300.0,1,Astra,0.09594246434246334,126,0.25,300.0,5.703782474656201,2023
BA_2022-12-08,BA,Blue Apron,2022-12-08,0.0782542006363866,0.0763917172041404,0.1,352.0,1,Blue Apron,0.1954148676460985,126,0.1,352.0,5.863631175598097,2022
BA_2023-07-19,BA,Blue Apron,2023-07-19,0.0782542006363866,0.0763917172041404,0.2,422.0,0,Blue Apron,-0.028514916322347816,126,0.2,422.0,6.045005314036012,2023
BFLY_2022-08-02,BFLY,Butterfly Network,2022-08-02,0.375256772201491,0.277203851510378,0.1,530.0,0,Butterfly Network,-0.29948709653570926,126,0.1,530.0,6.272877006546167,2022
BFLY_2023-07-11,BFLY,Butterfly Network copy,2023-07-11,0.375256772201491,0.277203851510378,0.25,530.0,0,Butterfly Network copy,-0.19661088306964314,126,0.25,530.0,6.272877006546167,2023
BI1.MU_2022-12-15,BI1.MU,BigCommerce,2022-12-15,0.2061083280907621,0.2256362694220189,0.13,224.0,0,BigCommerce,-0.4830162313776081,123,0.13,224.0,5.4116460518550396,2022
BI1.MU_2023-11-08,BI1.MU,BigCommerce,2023-11-08,0.2061083280907621,0.2256362694220189,0.07,224.0,1,BigCommerce,0.2688839325368779,122,0.07,224.0,5.4116460518550396,2023
BKKT_2022-12-08,BKKT,Bakkt,2022-12-08,0.0817626807400399,0.0771778877340278,0.15,932.0,0,Bakkt,-0.4969079201168678,126,0.15,932.0,6.837332814685591,2022
BLND_2022-04-19,BLND,Blend,2022-04-19,0.1510222037059372,0.1433083742471715,0.1,665.0,1,Blend,-0.6816086713817098,126,0.1,665.0,6.499787040655854,2022
BLND_2022-11-10,BLND,Blend,2022-11-10,0.1510222037059372,0.1433083742471715,0.06,665.0,1,Blend,-0.4822552362176876,126,0.06,665.0,6.499787040655854,2022
BLND_2023-08-09,BLND,Blend,2023-08-09,0.1510222037059372,0.1433083742471715,0.19,665.0,1,Blend,-0.5948041241348581,126,0.19,665.0,6.499787040655854,2023
BMBL_2024-02-27,BMBL,Bumble,2024-02-27,0.1987969299072937,0.175704479946106,0.3,313.0,1,Bumble,-0.23905506703117185,126,0.3,313.0,5.746203190540153,2024
BMBL_2025-06-25,BMBL,Bumble,2025-06-25,0.1987969299072937,0.175704479946106,0.3,313.0,0,Bumble,-0.43282769420096057,126,0.3,313.0,5.746203190540153,2025
BOOZT.ST_2022-06-09,BOOZT.ST,Boozt,2022-06-09,-0.1979025886703926,-0.20253752702506,0.05,56.0,1,Boozt,-0.4885303741884319,123,0.05,56.0,4.02535169073515,2022
BOOZT.ST_2025-01-13,BOOZT.ST,Boozt,2025-01-13,-0.1979025886703926,-0.20253752702506,0.1,56.0,1,Boozt,-0.036272645669990444,123,0.1,56.0,4.02535169073515,2025
BYND_2022-08-03,BYND,Beyond Meat,2022-08-03,0.1048117791327987,0.0409920762137425,0.04,122.0,0,Beyond Meat,-0.5949488950343322,126,0.04,122.0,4.804021044733257,2022
BYND_2023-11-02,BYND,Beyond Meat,2023-11-02,0.1048117791327987,0.0409920762137425,0.08,122.0,0,Beyond Meat,-0.601582416233058,126,0.08,122.0,4.804021044733257,2023
BZFD_2022-12-06,BZFD,BuzzFeed,2022-12-06,0.4851146310483855,0.5328107189708287,0.12,696.0,1,BuzzFeed,-0.5547990402600782,126,0.12,696.0,6.54534966033442,2022
BZFD_2024-02-21,BZFD,BuzzFeed,2024-02-21,0.4851146310483855,0.5328107189708287,0.16,696.0,1,BuzzFeed,-0.5702945293577748,126,0.16,696.0,6.54534966033442,2024
CHGG_2023-06-12,CHGG,Chegg,2023-06-12,0.1534733088960732,0.2065441942975489,0.04,227.0,0,Chegg,-0.7701316489400764,126,0.04,227.0,5.424950017481403,2023
CHGG_2024-06-17,CHGG,Chegg,2024-06-17,0.1534733088960732,0.2065441942975489,0.23,227.0,0,Chegg,-0.7752883908628295,126,0.23,227.0,5.424950017481403,2024
CHGG_2025-05-12,CHGG,Chegg,2025-05-12,0.1534733088960732,0.2065441942975489,0.22,227.0,0,Chegg,-0.7154450003764405,126,0.22,227.0,5.424950017481403,2025
CHPT_2023-09-08,CHPT,ChargePoint,2023-09-08,-0.2983954375014195,-0.2611742770667163,0.1,1400.0,1,ChargePoint,-0.45240808164455415,126,0.1,1400.0,7.24422751560335,2023
CHPT_2024-09-04,CHPT,ChargePoint,2024-09-04,-0.2983954375014195,-0.2611742770667163,0.15,1400.0,0,ChargePoint,-0.31046831332342595,126,0.15,1400.0,7.24422751560335,2024
COIN_2022-06-14,COIN,Coinbase,2022-06-14,0.2844345246027449,0.2049517015248686,0.18,549.0,1,Coinbase,-0.849233070543109,126,0.18,549.0,6.3080984415095305,2022
COIN_2023-01-10,COIN,Coinbase,2023-01-10,0.2844345246027449,0.2049517015248686,0.2,549.0,1,Coinbase,-0.4680077731082809,126,0.2,549.0,6.3080984415095305,2023
COMP_2022-06-14,COMP,Compass,2022-06-14,-0.0816127270191955,-0.0933447237706223,0.1,1600.0,0,Compass,-0.6195595894319474,126,0.1,1600.0,7.3777589082278725,2022
COUR_2024-10-25,COUR,Coursera,2024-10-25,0.0475501951133128,0.0209426229310945,0.1,458.0,0,Coursera,-0.4283420058504338,126,0.1,458.0,6.126869184114185,2024
CRM_2025-02-03,CRM,Salesforce,2025-02-03,0.2587308915428907,0.2750610459101081,0.01,65.0,1,Salesforce,0.29318060373502064,126,0.01,65.0,4.174387269895637,2025
CRTO_2024-04-12,CRTO,Criteo,2024-04-12,0.0731778685380146,0.0658297453061833,0.04,61.0,0,Criteo,0.16428115606263605,126,0.04,61.0,4.110873864173311,2024
CSCO_2022-11-16,CSCO,Cisco,2022-11-16,0.2302013165555769,0.2266394147393341,0.05,2.0,0,Cisco,-0.12173054054966315,126,0.05,2.0,0.6931471805599453,2022
CSCO_2024-08-09,CSCO,Cisco,2024-08-09,0.2302013165555769,0.2266394147393341,0.07,2.0,1,Cisco,-0.0707242159832121,126,0.07,2.0,0.6931471805599453,2024
CVNA_2022-05-10,CVNA,Carvana,2022-05-10,-0.3945209939159409,-0.3328669091071446,0.12,1600.0,1,Carvana,-0.9027019628644896,126,0.12,1600.0,7.3777589082278725,2022
CVNA_2022-11-18,CVNA,Carvana,2022-11-18,-0.3945209939159409,-0.3328669091071446,0.08,1600.0,0,Carvana,-0.8820158698815531,126,0.08,1600.0,7.3777589082278725,2022
CXM_2023-02-15,CXM,Sprinklr,2023-02-15,0.2027861835064511,0.1670268626842324,0.04,429.0,1,Sprinklr,-0.18491060829026906,126,0.04,429.0,6.061456918928017,2023
CXM_2024-05-03,CXM,Sprinklr,2024-05-03,0.2027861835064511,0.1670268626842324,0.03,429.0,1,Sprinklr,-0.23833167631516683,126,0.03,429.0,6.061456918928017,2024
CXM_2025-02-06,CXM,Sprinklr,2025-02-06,0.2027861835064511,0.1670268626842324,0.15,429.0,1,Sprinklr,-0.02867435136398433,126,0.15,429.0,6.061456918928017,2025
CZOOF_2022-06-07,CZOOF,Cazoo,2022-06-07,-0.2228541897627604,-0.2439758414184464,0.15,2000.0,1,Cazoo,-0.8645720074279327,126,0.15,2000.0,7.600902459542082,2022
C_2022-07-01,C,Canoo,2022-07-01,0.0400339387113555,0.0751741247870166,0.06,300.0,0,Canoo,-0.24666955834201354,126,0.06,300.0,5.703782474656201,2022
DBX_2023-04-27,DBX,Dropbox,2023-04-27,0.0970102376477096,0.0987946596282507,0.16,1700.0,0,Dropbox,-0.060146427622755017,126,0.16,1700.0,7.438383530044307,2023
DBX_2024-10-30,DBX,Dropbox,2024-10-30,0.0970102376477096,0.0987946596282507,0.2,1700.0,0,Dropbox,0.09620077762128654,126,0.2,1700.0,7.438383530044307,2024
DELL_2023-02-07,DELL,Dell,2023-02-07,0.2135202461918136,0.2040722243055224,0.05,,0,Dell,-0.12184779549459068,126,0.05,,0.0,2023
DELL_2024-03-25,DELL,Dell,2024-03-25,0.2135202461918136,0.2040722243055224,0.05,,1,Dell,0.5627947818786327,126,0.05,,0.0,2024
DKNG_2023-02-01,DKNG,DraftKings,2023-02-01,0.1753746616796937,0.1013179937174422,0.04,719.0,1,DraftKings,-0.12626247724064898,126,0.04,719.0,6.577861357721047,2023
DMRC_2025-02-27,DMRC,Digimarc,2025-02-27,-0.4038824776628618,-0.370396814994497,0.4,105.0,0,Digimarc,-0.13875771275654003,126,0.4,105.0,4.653960350157523,2025
DOCU_2022-09-28,DOCU,DocuSign,2022-09-28,0.0129189901057605,-0.0116084074822705,0.09,536.0,1,DocuSign,-0.5811459790507756,126,0.09,536.0,6.284134161070802,2022
DOCU_2024-02-06,DOCU,DocuSign,2024-02-06,0.0129189901057605,-0.0116084074822705,0.06,536.0,1,DocuSign,-0.004469725692549109,126,0.06,536.0,6.284134161070802,2024
DOX_2023-01-02,DOX,Amdocs,2023-01-02,0.1090422349157507,0.1051771285424597,0.03,,1,Amdocs,0.07632382749572586,126,0.03,,0.0,2023
DOX_2023-07-06,DOX,Amdocs,2023-07-06,0.1090422349157507,0.1051771285424597,0.06,,1,Amdocs,0.07944873105532513,126,0.06,,0.0,2023
EA_2024-02-28,EA,Electronic Arts,2024-02-28,0.1212135792265867,0.1219129904203109,0.05,2.0,1,Electronic Arts,0.16329161990815688,126,0.05,2.0,0.6931471805599453,2024
EB4.MU_2023-02-28,EB4.MU,Eventbrite,2023-02-28,0.097110233144523,0.0990178207630329,0.08,557.0,0,Eventbrite,0.06292373560162523,121,0.08,557.0,6.322565239927284,2023
EB4.MU_2024-08-07,EB4.MU,Eventbrite,2024-08-07,0.097110233144523,0.0990178207630329,0.11,557.0,0,Eventbrite,-0.5471519089995148,122,0.11,557.0,6.322565239927284,2024
EBAY_2023-02-07,EBAY,eBay,2023-02-07,0.261220221469247,0.2632997402814498,0.04,1200.0,0,eBay,0.03450555428562674,126,0.04,1200.0,7.090076835776092,2023
EBAY_2026-02-26,EBAY,eBay,2026-02-26,0.261220221469247,0.2632997402814498,0.06,1200.0,1,eBay,-0.1639271518201555,126,0.06,1200.0,7.090076835776092,2026
ENPH_2023-12-18,ENPH,Enphase Energy,2023-12-18,0.057936595669973,0.0489297257276309,0.1,116.0,1,Enphase Energy,-0.3799575574416276,126,0.1,116.0,4.7535901911063645,2023
ENPH_2024-11-11,ENPH,Enphase Energy,2024-11-11,0.057936595669973,0.0489297257276309,0.17,116.0,1,Enphase Energy,-0.4497933629703005,126,0.17,116.0,4.7535901911063645,2024
ENVX_2024-05-06,ENVX,Enovix,2024-05-06,-0.0035255484816137,0.0132401505943396,0.33,516.0,1,Enovix,-0.08975321646622458,126,0.33,516.0,6.246106765481563,2024
ERIC_2024-01-23,ERIC,Ericsson,2024-01-23,0.0792007208685051,0.0692831887859984,0.08,663.0,0,Ericsson,0.17047437102081875,126,0.08,663.0,6.4967749901858625,2024
FFIV_2022-10-21,FFIV,F5,2022-10-21,0.1768611522389136,0.1796583695100514,0.01,,0,F5,-0.3234118510232813,126,0.01,,0.0,2022
FFIV_2023-11-03,FFIV,F5,2023-11-03,0.1768611522389136,0.1796583695100514,0.02,,0,F5,0.15419553554050403,126,0.02,,0.0,2023
FFIV_2025-08-13,FFIV,F5,2025-08-13,0.1768611522389136,0.1796583695100514,0.02,,0,F5,0.034868692912198185,126,0.02,,0.0,2025
FIVN_2024-08-20,FIVN,Five9,2024-08-20,0.112303289783979,0.0245984824793034,0.07,862.0,1,Five9,-0.568516710405141,126,0.07,862.0,6.759255270663693,2024
FIVN_2025-04-03,FIVN,Five9,2025-04-03,0.112303289783979,0.0245984824793034,0.04,862.0,0,Five9,-0.0909297586609128,126,0.04,862.0,6.759255270663693,2025
FOUR_2023-03-29,FOUR,Shift,2023-03-29,0.1490154351699909,0.1769117829072825,0.3,504.0,1,Shift,0.49812117073533524,126,0.3,504.0,6.222576268071369,2023
FOUR_2023-10-06,FOUR,Shift,2023-10-06,0.1490154351699909,0.1769117829072825,1.0,504.0,0,Shift,-0.287841293759179,126,1.0,504.0,6.222576268071369,2023
FRSH_2022-12-15,FRSH,Freshworks,2022-12-15,0.3541814961154322,0.3345622953062669,0.02,484.0,0,Freshworks,0.1962767585711389,126,0.02,484.0,6.182084906716632,2022
FRSH_2024-11-07,FRSH,Freshworks,2024-11-07,0.3541814961154322,0.3345622953062669,0.13,484.0,1,Freshworks,-0.07671516189235794,126,0.13,484.0,6.182084906716632,2024
FVRR_2022-07-26,FVRR,Fiverr,2022-07-26,-0.0400194072260517,-0.0153771550923748,0.08,111.0,1,Fiverr,-0.6613850280275555,126,0.08,111.0,4.709530201312334,2022
FVRR_2025-09-15,FVRR,Fiverr,2025-09-15,-0.0400194072260517,-0.0153771550923748,0.3,111.0,0,Fiverr,-0.10657417419268267,126,0.3,111.0,4.709530201312334,2025
GTM_2023-06-02,GTM,ZoomInfo,2023-06-02,0.1383467634490545,0.1379181693441831,0.03,7.0,0,ZoomInfo,-0.08302959044393066,126,0.03,7.0,1.9459101490553132,2023
GTM_2025-06-09,GTM,ZoomInfo,2025-06-09,0.1383467634490545,0.1379181693441831,0.04,7.0,0,ZoomInfo,-0.1778963071436832,126,0.04,7.0,1.9459101490553132,2025
HOOD_2022-04-26,HOOD,Robinhood,2022-04-26,0.0881182050520057,0.0977765427577459,0.09,5600.0,1,Robinhood,-0.7772113512393812,126,0.09,5600.0,8.630521876723241,2022
HOOD_2023-06-26,HOOD,Robinhood,2023-06-26,0.0881182050520057,0.0977765427577459,0.07,5600.0,0,Robinhood,0.11903926148139177,126,0.07,5600.0,8.630521876723241,2023
HPE_2025-03-06,HPE,Hewlett Packard Enterprise,2025-03-06,0.0525578903301778,0.044928475814651,0.05,1400.0,1,Hewlett Packard Enterprise,-0.23023798430842002,126,0.05,1400.0,7.24422751560335,2025
HP_2022-11-22,HP,HP,2022-11-22,0.0265483539893331,-0.0022524242616755,0.12,5250.0,0,HP,-0.02377367879145964,126,0.12,5250.0,8.565983355585669,2022
HP_2025-01-28,HP,HP,2025-01-28,0.0265483539893331,-0.0022524242616755,0.1,,1,HP,-0.18888957373223303,126,0.1,,0.0,2025
HUBS_2023-01-31,HUBS,HubSpot,2023-01-31,0.0642989284127743,0.0553366784657704,0.07,100.0,0,HubSpot,0.021744282513856517,126,0.07,100.0,4.605170185988092,2023
IBM_2026-01-26,IBM,IBM,2026-01-26,0.1374180791533739,0.1395838343392544,0.02,,0,IBM,0.1160110612171994,126,0.02,,0.0,2026
ILMN_2022-11-14,ILMN,Illumina,2022-11-14,0.0777743680705587,0.0724558497761172,0.05,28.0,0,Illumina,-0.03837678953934176,126,0.05,28.0,3.332204510175204,2022
INVZ_2024-01-31,INVZ,Innoviz,2024-01-31,0.063207423293656,0.0708390170063177,0.13,547.0,1,Innoviz,-0.6888172861787727,126,0.13,547.0,6.304448802421981,2024
INVZ_2025-02-04,INVZ,Innoviz,2025-02-04,0.063207423293656,0.0708390170063177,0.09,547.0,1,Innoviz,0.42999860875920715,126,0.09,547.0,6.304448802421981,2025
ISPO_2023-01-18,ISPO,Inspirato,2023-01-18,0.0674619830118438,0.0710000428797801,0.12,179.0,1,Inspirato,-0.7351436443046309,126,0.12,179.0,5.187385805840755,2023
ISPO_2023-07-19,ISPO,Inspirato,2023-07-19,0.0674619830118438,0.0710000428797801,0.06,179.0,1,Inspirato,-0.4616621623069541,126,0.06,179.0,5.187385805840755,2023
KLTR_2022-08-09,KLTR,Kaltura,2022-08-09,0.030462550400604,0.0463879828318176,0.1,166.0,0,Kaltura,-0.45426794704870244,126,0.1,166.0,5.111987788356544,2022
KLTR_2025-08-07,KLTR,Kaltura,2025-08-07,0.030462550400604,0.0463879828318176,0.1,166.0,1,Kaltura,-0.4032203977342462,126,0.1,166.0,5.111987788356544,2025
LAZRQ_2024-05-03,LAZRQ,Luminar,2024-05-03,0.1024433519801891,0.1046615216856385,0.2,780.0,1,Luminar,-0.6340598957588679,126,0.2,780.0,6.659293919683638,2024
LCID_2023-03-28,LCID,Lucid Motors,2023-03-28,0.0413147530144755,0.0561575573954196,0.18,8300.0,1,Lucid Motors,-0.5297033618196919,126,0.18,8300.0,9.02401079378469,2023
LCID_2024-05-24,LCID,Lucid Motors,2024-05-24,0.0413147530144755,0.0561575573954196,0.06,8300.0,1,Lucid Motors,-0.45037434667637777,126,0.06,8300.0,9.02401079378469,2024
LCID_2026-02-20,LCID,Lucid Motors,2026-02-20,0.0413147530144755,0.0561575573954196,0.12,8300.0,1,Lucid Motors,-0.5951086750125316,126,0.12,8300.0,9.02401079378469,2026
LC_2023-01-12,LC,Lending Club,2023-01-12,0.0832569430068592,0.0998110393485471,0.14,392.0,0,Lending Club,-0.31370856601910446,126,0.14,392.0,5.971261839790462,2023
LC_2023-10-12,LC,Lending Club,2023-10-12,0.0832569430068592,0.0998110393485471,0.14,392.0,0,Lending Club,-0.232310492123745,126,0.14,392.0,5.971261839790462,2023
LMND_2023-05-16,LMND,Lemonade,2023-05-16,0.0458071289145254,0.0202525064254089,0.03,481.0,1,Lemonade,-0.3725605521482601,126,0.03,481.0,6.175867270105761,2023
LSPD_2023-01-17,LSPD,Lightspeed Commerce,2023-01-17,0.1358612115086962,0.1029967773217244,0.1,1200.0,1,Lightspeed Commerce,-0.2592168086913157,126,0.1,1200.0,7.090076835776092,2023
LTCH_2022-05-10,LTCH,Latch,2022-05-10,-0.0476093314273016,-0.0597181558076669,0.06,342.0,1,Latch,-0.7495901111385703,126,0.06,342.0,5.834810737062605,2022
LTCH_2023-07-10,LTCH,Latch,2023-07-10,-0.0476093314273016,-0.0597181558076669,0.59,342.0,1,Latch,0.14964750393305093,126,0.59,342.0,5.834810737062605,2023
LYFT_2022-07-20,LYFT,Lyft,2022-07-20,0.1206368131438681,0.0695983464369796,0.02,4900.0,0,Lyft,-0.735013708074326,126,0.02,4900.0,8.496990484098719,2022
LYFT_2023-04-21,LYFT,Lyft,2023-04-21,0.1206368131438681,0.0695983464369796,0.26,4900.0,1,Lyft,-0.43960922782659184,126,0.26,4900.0,8.496990484098719,2023
LYFT_2024-09-04,LYFT,Lyft,2024-09-04,0.1206368131438681,0.0695983464369796,0.01,4900.0,1,Lyft,-0.38670065383395147,126,0.01,4900.0,8.496990484098719,2024
LZ_2024-08-07,LZ,LegalZoom,2024-08-07,0.0718010987134147,0.0755556889982338,0.15,952.0,1,LegalZoom,-0.4978501495947988,126,0.15,952.0,6.858565034791365,2024
L_2022-10-18,L,Leafly,2022-10-18,0.0342309331936339,0.0355618749603413,0.21,71.0,0,Leafly,-0.19343028426111875,126,0.21,71.0,4.2626798770413155,2022
L_2023-01-17,L,LiveVox,2023-01-17,0.0342309331936339,0.0355618749603413,0.16,12.0,0,LiveVox,0.054665435338422164,126,0.16,12.0,2.4849066497880004,2023
L_2023-03-21,L,Laybuy,2023-03-21,0.0342309331936339,0.0355618749603413,0.1,130.0,0,Laybuy,0.011219894947242848,126,0.1,130.0,4.867534450455582,2023
MBLY_2025-12-08,MBLY,Mobileye,2025-12-08,-0.029728572729269,-0.0305241327060691,0.04,2100.0,1,Mobileye,-0.3456678600344064,126,0.04,2100.0,7.649692623711514,2025
META_2023-02-24,META,Meta,2023-02-24,0.2582337607977092,0.2577946350159694,0.13,26000.0,1,Meta,-0.05497340160069031,126,0.13,26000.0,10.165851817003619,2023
MS_2024-09-30,MS,Marin Software,2024-09-30,0.1040863654477458,0.1220921406841637,0.26,99.0,0,Marin Software,0.11105776401981982,126,0.26,99.0,4.59511985013459,2024
MS_2025-04-10,MS,Marin Software,2025-04-10,0.1040863654477458,0.1220921406841637,1.0,99.0,0,Marin Software,0.009640422892242206,126,1.0,99.0,4.59511985013459,2025
MTCH_2023-02-01,MTCH,Match Group,2023-02-01,0.0404366336248331,-0.0017238497441494,0.08,,0,Match Group,-0.3328679586666158,126,0.08,,0.0,2023
MTCH_2024-07-31,MTCH,Match Group,2024-07-31,0.0404366336248331,-0.0017238497441494,0.06,,1,Match Group,-0.1461169032334262,126,0.06,,0.0,2024
MTCH_2025-05-08,MTCH,Match Group,2025-05-08,0.0404366336248331,-0.0017238497441494,0.13,,1,Match,-0.19850083445104605,126,0.13,,0.0,2025
MU_2023-01-02,MU,Micron,2023-01-02,0.1711541057105571,0.1495869829650781,0.1,50.0,0,Micron,-0.10402644944396222,126,0.1,50.0,3.912023005428146,2023
NCC.L_2023-02-02,NCC.L,NCC Group,2023-02-02,0.0946809349559013,0.1002594177598922,0.07,,0,NCC Group,-0.18078076767690832,123,0.07,,0.0,2023
NCNO_2023-01-18,NCNO,nCino,2023-01-18,0.0869364228183981,0.0671848316871406,0.07,1100.0,1,nCino,-0.14672951564436976,126,0.07,1100.0,7.003065458786462,2023
NCNO_2025-05-27,NCNO,nCino,2025-05-27,0.0869364228183981,0.0671848316871406,0.07,1100.0,1,nCino,-0.3866380761800996,126,0.07,1100.0,7.003065458786462,2025
NTAP_2023-01-31,NTAP,NetApp,2023-01-31,0.0813956829652632,0.0774325766742155,0.08,,1,NetApp,-0.09024010222836987,126,0.08,,0.0,2023
NXDR_2023-11-07,NXDR,Nextdoor,2023-11-07,0.0911053894905883,0.1176652228810069,0.25,736.0,0,Nextdoor,-0.2092700992404808,126,0.25,736.0,6.601230118728877,2023
NXDR_2025-08-07,NXDR,Nextdoor,2025-08-07,0.0911053894905883,0.1176652228810069,0.12,736.0,0,Nextdoor,-0.4270300850152179,126,0.12,736.0,6.601230118728877,2025
OCDO.L_2026-02-26,OCDO.L,Ocado,2026-02-26,0.0195038831425032,0.0317997517732101,0.05,2000.0,0,Ocado,-0.3154056315801447,122,0.05,2000.0,7.600902459542082,2026
OKTA_2024-02-01,OKTA,Okta,2024-02-01,0.1046338152868979,0.1052301195229077,0.07,1200.0,1,Okta,0.027917585566863412,126,0.07,1200.0,7.090076835776092,2024
OKTA_2025-02-04,OKTA,Okta,2025-02-04,0.1046338152868979,0.1052301195229077,0.03,1200.0,1,Okta,-0.024195803179155817,126,0.03,1200.0,7.090076835776092,2025
OLOX_2023-06-14,OLOX,Olo,2023-06-14,0.1895736441120724,0.2013431060279701,0.11,184.0,1,Olo,-0.38614609528526267,126,0.11,184.0,5.214935757608986,2023
OLOX_2024-09-23,OLOX,Olo,2024-09-23,0.1895736441120724,0.2013431060279701,0.09,184.0,0,Olo,-0.8915163492683834,126,0.09,184.0,5.214935757608986,2024
OPEN_2022-11-02,OPEN,Opendoor,2022-11-02,-0.0357294326659847,-0.0668198088424743,0.18,1900.0,0,Opendoor,-0.7623788363683854,126,0.18,1900.0,7.549609165154532,2022
OPEN_2024-11-07,OPEN,Opendoor,2024-11-07,-0.0357294326659847,-0.0668198088424743,0.17,1900.0,0,Opendoor,-0.2832673504475711,126,0.17,1900.0,7.549609165154532,2024
OPRT_2023-02-09,OPRT,Oportun,2023-02-09,-0.8937104163208832,-0.8089561686524422,0.1,566.0,0,Oportun,-0.16901398722214445,126,0.1,566.0,6.338594078203183,2023
OPRT_2023-11-07,OPRT,Oportun,2023-11-07,-0.8937104163208832,-0.8089561686524422,0.07,766.0,1,Oportun,0.1840435783365837,126,0.07,766.0,6.641182169740591,2023
OTEX_2023-01-31,OTEX,OpenText,2023-01-31,0.1688812320072989,0.167772238149558,0.08,1100.0,1,OpenText,-0.20989761047332267,126,0.08,1100.0,7.003065458786462,2023
OTEX_2024-07-03,OTEX,OpenText,2024-07-03,0.1688812320072989,0.167772238149558,0.02,1100.0,0,OpenText,-0.28102381302823043,126,0.02,1100.0,7.003065458786462,2024
PAGS_2023-01-16,PAGS,PagBank,2023-01-16,0.1419031181603189,0.1469074313697157,0.07,,1,PagBank,-0.2305233448708498,126,0.07,,0.0,2023
PAGS_2023-01-25,PAGS,PagSeguro,2023-01-25,0.1419031181603189,0.1469074313697157,0.07,,1,PagSeguro,-0.2774505415506817,126,0.07,,0.0,2023
PATH_2022-06-27,PATH,UiPath,2022-06-27,-0.0940533306076525,-0.0682351657451131,0.05,2000.0,1,UiPath,-0.6003272797312391,126,0.05,2000.0,7.600902459542082,2022
PATH_2024-07-09,PATH,UIPath,2024-07-09,-0.0940533306076525,-0.0682351657451131,0.1,2000.0,1,UIPath,-0.5162661868607048,126,0.1,2000.0,7.600902459542082,2024
PAYO_2023-06-26,PAYO,Payoneer,2023-06-26,0.1362752513072724,0.1318909088580103,0.1,,1,Payoneer,-0.14717610790006352,126,0.1,,0.0,2023
PAYO_2025-12-08,PAYO,Payoneer,2025-12-08,0.1362752513072724,0.1318909088580103,0.06,,1,Payoneer,-0.2256539840127061,126,0.06,,0.0,2025
PEGA_2023-01-03,PEGA,Pegasystems,2023-01-03,0.1257829680347394,0.1132712562459457,0.04,,0,Pegasystems,-0.3598194951038658,126,0.04,,0.0,2023
PEGA_2023-08-31,PEGA,Pegasystems,2023-08-31,0.1257829680347394,0.1132712562459457,0.04,,0,Pegasystems,0.04769560918210769,126,0.04,,0.0,2023
PERI_2022-08-08,PERI,Perion,2022-08-08,0.0067573616464973,0.0106033320668387,0.05,76.0,1,Perion,-0.021983530766935933,126,0.05,76.0,4.330733340286331,2022
PERI_2024-06-25,PERI,Perion,2024-06-25,0.0067573616464973,0.0106033320668387,0.05,76.0,1,Perion,-0.8048873635868786,126,0.05,76.0,4.330733340286331,2024
PGY_2023-01-18,PGY,Pagaya,2023-01-18,0.0763200237419909,0.146384175875874,0.2,571.0,1,Pagaya,-1.0395958585520486,126,0.2,571.0,6.3473892096560105,2023
PGY_2024-06-05,PGY,Pagaya,2024-06-05,0.0763200237419909,0.146384175875874,0.2,2000.0,1,Pagaya,-0.4976993456988471,126,0.2,2000.0,7.600902459542082,2024
PINS_2026-01-27,PINS,Pinterest,2026-01-27,-0.0746860896424722,-0.0620795004710841,0.15,1500.0,1,Pinterest,-0.3617102371234159,126,0.15,1500.0,7.313220387090301,2026
PLTK_2022-05-31,PLTK,Playtika,2022-05-31,0.1620202354572129,0.1472941538317085,0.06,,1,Playtika,-0.2700872466014047,126,0.06,,0.0,2022
PLTK_2022-12-09,PLTK,Playtika,2022-12-09,0.1620202354572129,0.1472941538317085,0.15,,1,Playtika,-0.4336946140330671,126,0.15,,0.0,2022
PLTK_2024-01-11,PLTK,Playtika,2024-01-11,0.1620202354572129,0.1472941538317085,0.1,,1,Playtika,-0.40261612403686686,126,0.1,,0.0,2024
PLTK_2026-01-14,PLTK,Playtika,2026-01-14,0.1620202354572129,0.1472941538317085,0.15,,1,Playtika,-0.19688043325722593,126,0.15,,0.0,2026
PLTR_2023-02-27,PLTR,Palantir,2023-02-27,0.0150551605183562,0.0195235656407043,0.02,3000.0,1,Palantir,-0.10061016596586025,126,0.02,3000.0,8.006367567650246,2023
PL_2023-08-01,PL,Planet,2023-08-01,0.0661648225175133,0.034534410989343,0.1,574.0,1,Planet,-0.3370893877274116,126,0.1,574.0,6.352629396319567,2023
PL_2024-06-26,PL,Planet,2024-06-26,0.0661648225175133,0.034534410989343,0.17,574.0,0,Planet,-0.27879637598285545,126,0.17,574.0,6.352629396319567,2024
PTON_2022-02-08,PTON,Peloton,2022-02-08,0.7941710354721699,0.7526534163819569,0.2,1900.0,1,Peloton,-0.8171498107887987,126,0.2,1900.0,7.549609165154532,2022
PTON_2022-08-12,PTON,Peloton,2022-08-12,0.7941710354721699,0.7526534163819569,0.13,1900.0,1,Peloton,-0.7554210893063844,126,0.13,1900.0,7.549609165154532,2022
PTON_2024-05-02,PTON,Peloton,2024-05-02,0.7941710354721699,0.7526534163819569,0.15,1900.0,1,Peloton,-0.4160249125449087,126,0.15,1900.0,7.549609165154532,2024
PYPL_2023-01-31,PYPL,PayPal,2023-01-31,0.0694880294572791,0.0828453779735444,0.07,216.0,1,PayPal,-0.122194477780043,126,0.07,216.0,5.375278407684165,2023
PYPL_2024-01-30,PYPL,PayPal,2024-01-30,0.0694880294572791,0.0828453779735444,0.09,216.0,0,PayPal,-0.17170680751139078,126,0.09,216.0,5.375278407684165,2024
QCOM_2023-10-12,QCOM,Qualcomm,2023-10-12,0.0433111153490989,0.0505607611430465,0.02,,1,Qualcomm,-0.08755204892199653,126,0.02,,0.0,2023
RAMP_2022-11-03,RAMP,LiveRamp,2022-11-03,-0.0306166227447875,-0.0386621815428255,0.1,16.0,0,LiveRamp,-0.4889621629826505,126,0.1,16.0,2.772588722239781,2022
RAMP_2025-03-05,RAMP,LiveRamp,2025-03-05,-0.0306166227447875,-0.0386621815428255,0.05,16.0,1,LiveRamp,0.13358431310437435,126,0.05,16.0,2.772588722239781,2025
RENT_2022-09-12,RENT,Rent the Runway,2022-09-12,0.2330443260408879,0.1999216382383269,0.24,526.0,0,Rent the Runway,-0.34348832176854804,126,0.24,526.0,6.26530121273771,2022
RENT_2024-01-09,RENT,Rent the Runway,2024-01-09,0.2330443260408879,0.1999216382383269,0.1,526.0,0,Rent the Runway,-0.7645601638992028,126,0.1,526.0,6.26530121273771,2024
RIVN_2022-07-27,RIVN,Rivian,2022-07-27,0.3467982894191804,0.2779102842737988,0.06,10700.0,1,Rivian,-0.6188547453576488,126,0.06,10700.0,9.277999020449997,2022
RIVN_2023-02-01,RIVN,Rivian,2023-02-01,0.3467982894191804,0.2779102842737988,0.06,10700.0,0,Rivian,-0.515913833318564,126,0.06,10700.0,9.277999020449997,2023
RIVN_2025-06-26,RIVN,Rivian,2025-06-26,0.3467982894191804,0.2779102842737988,0.01,10700.0,1,Rivian,-0.03888955121180804,126,0.01,10700.0,9.277999020449997,2025
ROKU_2022-11-17,ROKU,Roku,2022-11-17,0.1021804453035092,0.1806282190302573,0.07,208.0,1,Roku,-0.5193542975090917,126,0.07,208.0,5.337538079701318,2022
ROKU_2023-09-06,ROKU,Roku,2023-09-06,0.1021804453035092,0.1806282190302573,0.1,208.0,1,Roku,0.18434981122683491,126,0.1,208.0,5.337538079701318,2023
RSKD_2024-02-13,RSKD,Riskified,2024-02-13,0.0611357423535937,0.0657640645392753,0.06,229.0,0,Riskified,0.10669231092057774,126,0.06,229.0,5.43372200355424,2024
SAP_2023-01-26,SAP,SAP,2023-01-26,-0.0104904647574809,-0.0104218755159113,0.03,1300.0,1,SAP,0.2566579411782539,126,0.03,1300.0,7.170119543449628,2023
SAP_2023-02-07,SAP,SAP,2023-02-07,-0.0104904647574809,-0.0104218755159113,0.07,1300.0,1,SAP,0.23651183249697838,126,0.07,1300.0,7.170119543449628,2023
SEDG_2024-01-21,SEDG,SolarEdge,2024-01-21,0.5520625785884686,0.5687600838648217,0.16,155.0,1,SolarEdge,-0.7772988850792841,126,0.16,155.0,5.043425116919247,2024
SEDG_2024-11-27,SEDG,SolarEdge,2024-11-27,0.5520625785884686,0.5687600838648217,0.12,155.0,0,SolarEdge,-0.7884637862317143,126,0.12,155.0,5.043425116919247,2024
SFIX_2022-06-09,SFIX,Stitch Fix,2022-06-09,0.1502833768281868,0.1243296091630447,0.15,79.0,1,Stitch Fix,-0.7275666456761909,126,0.15,79.0,4.3694478524670215,2022
SFIX_2023-01-05,SFIX,Stitch Fix,2023-01-05,0.1502833768281868,0.1243296091630447,0.2,79.0,1,Stitch Fix,-0.5362743835999965,126,0.2,79.0,4.3694478524670215,2023
SHOP_2023-05-04,SHOP,Shopify,2023-05-04,0.4097992835859678,0.3119710395875749,0.2,122.0,0,Shopify,0.22541576756938353,126,0.2,122.0,4.804021044733257,2023
SIRI_2023-03-06,SIRI,SiriusXM,2023-03-06,-0.0041120804158182,0.0070704587205101,0.08,525.0,1,SiriusXM,-0.3088964154650722,126,0.08,525.0,6.263398262591624,2023
SIRI_2024-02-12,SIRI,SiriusXM,2024-02-12,-0.0041120804158182,0.0070704587205101,0.03,525.0,1,SiriusXM,-0.035163960245301884,126,0.03,525.0,6.263398262591624,2024
SNAP_2022-08-31,SNAP,Snap,2022-08-31,0.2651061970595264,0.2358737704880253,0.2,4900.0,1,Snap,-0.855200546985037,126,0.2,4900.0,8.496990484098719,2022
SNPS_2025-11-12,SNPS,Synopsys,2025-11-12,0.0878756813243382,0.0929282421128592,0.1,,0,Synopsys,-0.3670482962645504,126,0.1,,0.0,2025
SOFI_2024-01-10,SOFI,SoFi,2024-01-10,0.2203967358579684,0.2009425145300975,0.04,3000.0,0,SoFi,-0.17025744401363518,126,0.04,3000.0,8.006367567650246,2024
SONDQ_2022-06-08,SONDQ,Sonder,2022-06-08,-0.9766229118937528,-1.0043821491662053,0.21,839.0,0,Sonder,-0.8333232483947746,96,0.21,839.0,6.732210706467206,2022
SONDQ_2023-03-01,SONDQ,Sonder,2023-03-01,-0.9766229118937528,-1.0043821491662053,0.14,839.0,1,Sonder,-0.5796959366948995,126,0.14,839.0,6.732210706467206,2023
SONDQ_2024-02-15,SONDQ,Sonder,2024-02-15,-0.9766229118937528,-1.0043821491662053,0.17,839.0,1,Sonder,-0.8172934680052,126,0.17,839.0,6.732210706467206,2024
SONDQ_2025-11-10,SONDQ,Sonder,2025-11-10,-0.9766229118937528,-1.0043821491662053,1.0,839.0,1,Sonder,-0.8532112219900163,126,1.0,839.0,6.732210706467206,2025
SONO_2023-06-14,SONO,Sonos,2023-06-14,0.0791885748298612,0.0863483970128223,0.07,455.2,1,Sonos,-0.1544878237957903,126,0.07,455.2,6.120736882812121,2023
SONO_2024-08-14,SONO,Sonos,2024-08-14,0.0791885748298612,0.0863483970128223,0.06,455.2,1,Sonos,-0.3832375763865302,126,0.06,455.2,6.120736882812121,2024
SPOT_2023-06-05,SPOT,Spotify,2023-06-05,0.1765051156966053,0.213774872020589,0.02,2100.0,1,Spotify,0.8414821159594521,126,0.02,2100.0,7.649692623711514,2023
SPOT_2023-12-04,SPOT,Spotify,2023-12-04,0.1765051156966053,0.213774872020589,0.17,2100.0,1,Spotify,0.13853591319097913,126,0.17,2100.0,7.649692623711514,2023
STORY-B.ST_2022-03-17,STORY-B.ST,Storytel,2022-03-17,0.3471204916424149,0.3294655397886989,0.1,275.0,1,Storytel,-0.6951894726056884,123,0.1,275.0,5.616771097666572,2022
STORY-B.ST_2024-01-24,STORY-B.ST,Storytel,2024-01-24,0.3471204916424149,0.3294655397886989,0.13,275.0,1,Storytel,-0.036468266324794274,123,0.13,275.0,5.616771097666572,2024
TASK_2022-06-21,TASK,TaskUs,2022-06-21,0.0854226485399616,0.0526333427430136,0.0,279.0,0,TaskUs,-0.7248952666303536,126,0.0,279.0,5.631211781821365,2022
TEAM_2023-03-06,TEAM,Atlassian,2023-03-06,0.136881356400495,0.1291792244606138,0.05,210.0,1,Atlassian,-0.4061900522406552,126,0.05,210.0,5.3471075307174685,2023
TEAM_2026-03-11,TEAM,Atlassian,2026-03-11,0.136881356400495,0.1291792244606138,0.1,210.0,1,Atlassian,-0.5939156774952219,119,0.1,210.0,5.3471075307174685,2026
TOM2.AS_2022-06-01,TOM2.AS,TomTom,2022-06-01,0.0633214289437745,0.0606822298576507,0.1,,0,TomTom,-0.10608898527421318,122,0.1,,0.0,2022
TOM2.AS_2025-06-30,TOM2.AS,TomTom,2025-06-30,0.0633214289437745,0.0606822298576507,0.1,430.0,1,TomTom,-0.00816547955265301,121,0.1,430.0,6.063785208687608,2025
TRIP_2025-11-05,TRIP,TripAdvisor,2025-11-05,0.0977117026252292,0.0852512468457013,0.2,3.0,1,TripAdvisor,0.07959202717857061,126,0.2,3.0,1.0986122886681098,2025
TTWO_2024-04-16,TTWO,Take-Two,2024-04-16,0.0936551165053271,0.0918662090692345,0.05,4100.0,1,Take-Two,0.008763208360957675,126,0.05,4100.0,8.318742252692399,2024
TWLO_2022-09-14,TWLO,Twilio,2022-09-14,0.2589143692187833,0.2154588857931667,0.11,614.0,1,Twilio,-0.5194296611545679,126,0.11,614.0,6.419994928147142,2022
TWLO_2023-12-04,TWLO,Twilio,2023-12-04,0.2589143692187833,0.2154588857931667,0.05,614.0,0,Twilio,-0.043096723389907554,126,0.05,614.0,6.419994928147142,2023
UDMY_2023-02-14,UDMY,Udemy,2023-02-14,0.101161791076021,0.0741825329203786,0.1,311.0,0,Udemy,-0.276511076951659,126,0.1,311.0,5.739792912179234,2023
UPWK_2023-05-03,UPWK,Upwork,2023-05-03,0.2348411342855877,0.195913341128689,0.15,168.0,0,Upwork,-0.40901489717425465,126,0.15,168.0,5.123963979403259,2023
UPWK_2024-10-23,UPWK,Upwork,2024-10-23,0.2348411342855877,0.195913341128689,0.21,168.0,0,Upwork,-0.15728137207196902,126,0.21,168.0,5.123963979403259,2024
U_2022-06-29,U,Unity,2022-06-29,0.0563758124150859,0.0255358131376815,0.04,1300.0,0,Unity,-0.8160263853737223,126,0.04,1300.0,7.170119543449628,2022
U_2023-01-17,U,Unity,2023-01-17,0.0563758124150859,0.0255358131376815,0.03,1300.0,0,Unity,-0.2375199214113165,126,0.03,1300.0,7.170119543449628,2023
U_2023-11-28,U,Unity,2023-11-28,0.0563758124150859,0.0255358131376815,0.04,1300.0,0,Unity,-0.07173806468619104,126,0.04,1300.0,7.170119543449628,2023
VSAT_2023-04-12,VSAT,Viasat,2023-04-12,0.104795301598888,0.0840745205627329,0.04,366.0,0,Viasat,-0.18372874132119255,126,0.04,366.0,5.902633333401366,2023
VSAT_2023-11-02,VSAT,Viasat,2023-11-02,0.104795301598888,0.0840745205627329,0.1,366.0,1,Viasat,-0.5905482231523091,126,0.1,366.0,5.902633333401366,2023
WDAY_2023-01-31,WDAY,Workday,2023-01-31,0.2276843571473088,0.2365554959230886,0.03,230.0,1,Workday,0.07285694005449006,126,0.03,230.0,5.438079308923196,2023
WDAY_2025-02-05,WDAY,Workday,2025-02-05,0.2276843571473088,0.2365554959230886,0.08,230.0,1,Workday,0.19975578345996192,126,0.08,230.0,5.438079308923196,2025
WDAY_2026-02-04,WDAY,Workday,2026-02-04,0.2276843571473088,0.2365554959230886,0.02,230.0,0,Workday,-0.3060341448314371,126,0.02,230.0,5.438079308923196,2026
WDC_2023-05-24,WDC,Western Digital,2023-05-24,0.0529494216968338,0.0609104644825585,0.07,900.0,1,Western Digital,-0.021452930329254882,126,0.07,900.0,6.802394763324311,2023
WISH.V_2022-03-01,WISH.V,Wish,2022-03-01,0.062127272717214,0.0489942610400468,0.15,1600.0,0,Wish,-0.0709876502521457,123,0.15,1600.0,7.3777589082278725,2022
WISH.V_2023-01-31,WISH.V,Wish,2023-01-31,0.062127272717214,0.0489942610400468,0.17,1600.0,0,Wish,-0.11129998765842863,124,0.17,1600.0,7.3777589082278725,2023
WIX_2023-02-15,WIX,Wix,2023-02-15,0.1269117567565095,0.1073603005254572,0.06,58.0,1,Wix,0.0035928522456945,126,0.06,58.0,4.060443010546419,2023
WTC.AX_2026-02-24,WTC.AX,WiseTech,2026-02-24,0.1650500273660087,0.160607111608913,0.3,3000.0,0,WiseTech,-0.6617760404010875,122,0.3,3000.0,8.006367567650246,2026
W_2022-08-19,W,Wayfair,2022-08-19,0.1912565255165138,0.2251927994526134,0.05,1700.0,1,Wayfair,-0.626498489413976,126,0.05,1700.0,7.438383530044307,2022
W_2024-01-19,W,Wayfair,2024-01-19,0.1912565255165138,0.2251927994526134,0.13,1700.0,1,Wayfair,-0.36807311825881295,126,0.13,1700.0,7.438383530044307,2024
W_2025-01-10,W,Wayfair,2025-01-10,0.1912565255165138,0.2251927994526134,0.03,1700.0,1,Wayfair,-0.2369167676046522,126,0.03,1700.0,7.438383530044307,2025
XYZ_2025-03-25,XYZ,Block,2025-03-25,0.3629356802740124,0.3753316543726099,0.08,150.0,1,Block,-0.5324017413255524,126,0.08,150.0,5.0106352940962555,2025
XYZ_2026-02-26,XYZ,Block,2026-02-26,0.3629356802740124,0.3753316543726099,0.4,150.0,1,Block,-0.37622886733276695,126,0.4,150.0,5.0106352940962555,2026
YEXT_2023-01-23,YEXT,Yext,2023-01-23,0.0138206145151279,0.0284997497028744,0.08,117.0,0,Yext,0.20223537857567764,126,0.08,117.0,4.762173934797756,2023
YEXT_2024-06-05,YEXT,Yext,2024-06-05,0.0138206145151279,0.0284997497028744,0.12,117.0,0,Yext,-0.33567392745240765,126,0.12,117.0,4.762173934797756,2024
ZBRA_2023-08-28,ZBRA,Zebra Technologies,2023-08-28,0.1023810605279721,0.1054240038534968,0.07,2000.0,1,Zebra Technologies,-0.12616505838110292,126,0.07,2000.0,7.600902459542082,2023
ZIP_2023-05-31,ZIP,ZipRecruiter,2023-05-31,0.1922487899069137,0.2203310953634236,0.2,769.0,1,ZipRecruiter,-0.16404167004172476,126,0.2,769.0,6.645090969505644,2023
ZIP_2023-07-02,ZIP,Zip,2023-07-02,0.1922487899069137,0.2203310953634236,0.2,896.0,1,Zip,0.058592488720093705,126,0.2,896.0,6.79794041297493,2023
ZM_2023-02-07,ZM,Zoom,2023-02-07,0.0498060558009478,0.0705423183016137,0.15,276.0,1,Zoom,-0.3777521948837864,126,0.15,276.0,5.62040086571715,2023
ZM_2024-02-01,ZM,Zoom,2024-02-01,0.0498060558009478,0.0705423183016137,0.02,276.0,1,Zoom,-0.13202981185635743,126,0.02,276.0,5.62040086571715,2024
Z_2022-10-26,Z,Zillow,2022-10-26,0.1282626833913357,0.1520729961336191,0.05,97.0,1,Zillow,-0.3012195113524706,126,0.05,97.0,4.574710978503383,2022
